1,1,1,1,52,52,1,1,1,,
1,1,3,1,0,54,1,2,0,,
1,1,4,1,3,52,1,1,0,,
1,1,5,3,0,0,2,3,0,,
2,2,1,1,5,58,3,4,1,,36
2,2,6,1,0,47,3,2,0,,539
2,2,4,2,0,54,3,2,0,,134
3,3,1,1,0,37,4,4,1,,3
3,3,7,1,1,34,4,5,0,,240
3,3,8,1,0,62,4,5,0,,4
4,4,1,1,0,58,4,6,1,,13
4,4,4,2,6,38,4,7,0,,
4,5,1,1,0,69,3,2,1,,
4,5,4,1,0,68,3,5,0,,
4,5,5,3,0,0,2,3,0,,
4,5,6,1,0,66,3,8,0,,
5,6,1,1,0,64,4,1,1,,
5,6,4,1,0,40,4,5,0,,
5,6,6,1,0,60,3,2,0,,
5,6,9,1,0,60,3,2,0,,
2,7,1,1,0,64,4,7,1,,
2,7,6,2,0,46,4,2,0,,
2,7,4,1,1,58,4,9,0,,
3,8,1,1,1,60,4,9,1,,
3,8,8,1,0,64,4,9,0,,
3,8,4,1,1,60,4,7,0,,
6,9,10,1,2,54,4,9,1,,
6,9,4,2,0,52,4,2,0,,
6,9,1,1,1,64,4,4,0,,
6,10,4,2,3,32,3,7,1,,
6,10,10,1,0,44,3,4,0,,
6,10,11,1,4,61,3,7,0,,
2,11,1,1,0,46,4,7,1,,
2,11,6,1,0,51,4,4,0,,
2,11,4,1,4,62,4,5,0,,
7,12,1,1,9,43,1,8,1,,
7,12,12,1,0,52,1,5,0,,
7,12,13,2,0,42,1,2,0,,
7,12,4,1,0,44,1,9,0,,
7,12,5,3,0,0,2,3,0,,
2,13,1,2,6,69,4,4,1,,
2,13,14,1,0,63,4,5,0,,
2,13,4,1,1,49,4,1,0,,
2,13,10,1,0,77,4,2,0,,
8,14,1,1,0,46,3,1,1,,
8,14,4,1,1,60,3,2,0,,
8,14,5,3,0,0,2,3,0,,
8,14,6,1,0,41,3,2,0,,
5,15,1,1,0,35,4,7,1,,
5,15,4,1,2,47,4,5,0,,
5,15,6,1,0,31,4,7,0,,
9,16,15,2,0,46,3,5,1,,
9,16,16,1,0,28,3,9,0,,
9,16,17,1,1,59,3,2,0,,
9,16,5,3,0,0,2,3,0,,
10,17,1,1,0,67,3,2,1,,
10,17,4,2,0,56,3,2,0,,
10,17,6,1,0,55,3,7,0,,
10,17,18,1,1,61,3,7,0,,
2,18,6,1,1,38,4,5,1,,
2,18,1,1,0,71,4,9,0,,
2,18,19,1,0,36,4,1,0,,
2,18,5,3,0,0,2,3,0,,
2,19,1,2,0,43,4,1,1,,
2,19,4,1,6,48,4,2,0,,
3,20,20,2,1,33,3,7,1,,
3,20,21,1,2,71,3,5,0,,
3,20,8,1,2,47,3,6,0,,
3,20,6,1,3,56,3,1,0,,
4,21,1,1,0,64,4,1,1,,
4,21,4,1,0,42,4,5,0,,
4,21,5,3,0,0,2,3,0,,
4,21,6,1,0,47,3,10,0,,
11,22,4,1,0,46,4,1,1,,
11,22,1,1,0,67,4,2,0,,
11,22,22,1,0,58,4,7,0,,
11,22,10,2,0,55,4,5,0,,
11,22,5,3,0,0,2,3,0,,
2,23,6,1,0,43,4,5,1,,
2,23,1,1,0,58,4,8,0,,
2,23,4,1,0,35,4,1,0,,
9,24,15,2,0,52,4,9,1,,
9,24,16,1,0,43,4,7,0,,
9,24,17,1,0,56,4,2,0,,
9,24,5,3,0,0,2,3,0,,
9,24,1,1,0,65,4,2,0,,
4,25,1,1,2,54,4,6,1,,
4,25,4,1,0,65,4,9,0,,
4,25,5,3,0,0,2,3,0,,
11,26,4,1,0,53,4,9,1,,
11,26,23,1,1,69,4,2,0,,
11,26,6,1,0,62,4,5,0,,
11,26,22,1,1,51,4,2,0,,
11,26,5,3,0,0,2,3,0,,
9,27,15,1,2,48,4,4,1,,
9,27,16,1,0,45,4,5,0,,
9,27,4,1,0,29,4,9,0,,
9,27,10,1,9,58,4,8,0,,
9,27,5,3,0,0,2,3,0,,
12,28,24,1,0,65,4,2,1,,
12,28,4,1,0,60,4,5,0,,
12,28,25,2,1,59,4,9,0,,
12,28,1,1,1,53,4,11,0,,
12,28,26,1,0,60,1,8,0,,
12,28,20,1,0,45,4,1,0,,
13,29,4,1,0,52,4,9,1,,
13,29,1,1,1,46,4,9,0,,
13,29,20,1,0,61,4,2,0,,
13,29,22,1,0,49,4,1,0,,
13,29,6,1,0,43,3,2,0,,
2,30,1,1,0,50,4,7,1,,
2,30,6,2,1,57,4,5,0,,
2,30,4,1,0,64,4,9,0,,
14,31,27,1,2,71,4,7,1,,
14,31,28,1,6,55,4,2,0,,
14,31,20,1,0,43,4,8,0,,
14,31,29,1,0,40,4,2,0,,
14,31,30,1,0,61,4,2,0,,
14,31,5,3,0,0,2,3,0,,
7,32,12,2,1,33,3,2,1,,
7,32,1,1,1,55,3,2,0,,
7,32,10,1,2,59,3,2,0,,
7,32,4,2,0,41,3,5,0,,
7,32,5,3,0,0,2,3,0,,3
14,33,4,1,1,46,4,9,1,,
14,33,31,1,0,63,4,9,0,,
14,33,20,1,0,55,4,2,0,,
14,33,29,2,0,37,4,2,0,,
14,33,5,3,0,0,2,3,0,,
14,33,30,1,0,41,4,8,0,,
15,34,1,1,3,52,4,7,1,,
15,34,32,1,6,50,4,5,0,,
15,34,5,3,0,0,2,3,0,,
15,35,1,1,1,66,4,9,1,,
15,35,33,1,1,36,4,2,0,,
15,35,5,3,0,0,2,3,0,,
15,35,20,1,0,81,4,1,0,,
15,35,34,1,0,70,4,1,0,,
9,36,15,2,0,26,1,9,1,,
9,36,16,1,0,72,1,2,0,,
9,36,5,3,0,0,2,3,0,,
9,36,17,1,3,49,1,7,0,,
9,36,1,1,0,54,1,4,0,,
9,36,4,2,0,46,1,9,0,,
9,36,20,1,0,61,1,11,0,,
9,36,20,2,0,37,1,7,0,,
16,37,1,1,0,54,1,2,1,,
16,37,4,1,0,69,1,5,0,,
16,37,35,1,0,47,1,1,0,,
16,37,36,1,0,38,1,1,0,,
16,37,20,1,0,68,1,5,0,,
16,37,5,3,0,0,2,3,0,,
16,38,1,1,0,47,1,9,1,,
16,38,4,1,1,51,1,5,0,,
16,38,36,2,0,56,1,2,0,,
16,38,37,1,1,42,1,1,0,,
16,38,35,1,0,45,1,9,0,,
7,39,1,1,4,48,4,5,1,,
7,39,12,2,0,65,4,2,0,,
7,39,10,1,3,59,4,2,0,,
7,39,4,1,0,37,4,7,0,,
7,39,5,3,0,0,2,3,0,,
7,39,38,1,0,62,4,2,0,,
17,40,39,2,0,70,4,12,1,,
17,40,1,2,0,47,4,2,0,,
17,40,10,1,1,47,4,2,0,,
17,40,5,3,0,0,2,3,0,,
6,41,4,1,7,63,4,9,1,,
6,41,10,1,0,56,4,4,0,,
6,41,1,2,40,49,4,5,0,,
15,42,1,1,3,53,4,2,1,,
3,42,40,1,4,50,4,2,1,,
15,42,6,1,5,34,4,10,1,,
15,42,41,1,0,55,4,2,0,,
3,42,21,1,9,67,4,1,0,,
3,42,20,1,2,41,4,5,0,,
3,42,4,1,0,56,4,1,0,,
15,42,20,1,0,62,4,5,0,,
15,42,5,3,0,0,2,3,0,,
15,42,42,1,1,42,1,5,0,,
15,42,20,1,0,43,4,5,0,,
15,42,43,1,0,35,4,2,0,,
15,42,20,1,0,58,3,10,0,,
15,42,44,1,0,46,4,5,0,,
18,43,1,1,2,49,1,5,1,,
18,43,4,1,0,76,1,2,0,,
18,43,20,1,0,68,1,2,0,,
18,43,45,1,0,61,1,5,0,,
18,43,37,1,0,39,1,8,0,,
18,43,5,3,0,0,2,3,0,,
2,44,14,1,0,45,4,9,1,,
2,44,1,1,1,40,4,1,0,,
2,45,1,2,2,34,4,9,0,,
2,45,14,1,3,40,4,2,0,,
2,45,4,1,5,66,4,5,0,,
19,46,1,1,0,68,4,9,1,,
19,46,4,2,0,38,4,5,0,,
2,47,1,1,1,63,4,2,1,,
2,47,46,1,0,40,4,2,0,,
7,48,4,1,7,63,4,7,1,,
7,48,12,1,9,55,4,1,0,,
7,48,1,1,0,55,4,5,0,,
7,48,5,3,0,0,2,3,0,,
7,48,20,1,0,38,3,8,0,,
7,48,13,1,0,66,4,5,0,,
2,49,1,1,0,73,3,7,1,,
2,49,14,1,1,60,3,1,0,,
2,49,4,2,7,38,3,5,0,,
2,49,5,3,0,0,2,3,0,,
20,50,1,1,0,66,4,6,1,,
20,50,4,1,0,53,4,1,0,,
20,50,6,1,6,68,4,6,0,,
20,50,20,1,0,62,4,5,0,,
17,51,1,1,7,64,4,5,1,,
17,51,39,1,0,51,4,6,0,,
17,51,4,1,0,46,4,9,0,,
2,52,1,1,2,62,4,5,1,,
2,52,14,1,5,56,4,6,0,,
2,52,19,1,3,51,4,1,0,,
7,53,1,1,0,39,4,4,1,,
7,53,12,2,0,52,4,5,0,,
7,53,13,1,0,50,3,7,0,,
7,53,4,1,4,40,4,9,0,,
7,53,5,3,0,0,2,3,0,,
4,54,1,1,0,70,4,9,1,,
4,54,4,1,1,75,4,7,0,,
4,54,20,1,0,39,4,8,0,,
4,54,5,3,0,0,2,3,0,,
4,54,6,1,1,49,4,10,0,,
4,54,20,2,0,33,4,5,0,,
2,55,1,1,2,59,4,5,1,,
2,55,14,1,0,74,4,9,0,,
2,55,4,1,8,59,4,1,0,,
2,55,5,3,0,0,2,3,0,,
2,55,47,1,0,37,4,1,0,,
19,56,1,1,0,55,4,1,1,,
19,56,4,1,0,39,4,5,0,,
19,56,20,1,1,53,4,1,0,,
19,57,1,1,0,66,4,9,1,,
19,57,4,1,0,46,4,2,0,,
19,58,4,1,5,52,4,1,1,,
19,58,1,1,2,59,4,7,0,,
19,58,6,1,0,43,3,5,0,,
19,59,1,1,0,28,4,9,1,,
19,59,4,1,0,64,4,5,0,,
7,60,1,1,8,37,3,5,1,,
7,60,12,2,4,51,3,12,0,,
7,60,10,1,1,55,3,9,0,,
7,60,4,1,3,28,3,2,0,,
15,61,48,1,1,58,4,2,1,,
15,61,32,1,2,65,4,2,0,,
15,61,20,2,3,61,4,2,0,,
15,61,20,1,0,44,4,7,0,,
15,61,20,1,0,46,4,1,0,,
15,61,20,1,0,38,4,10,0,,
15,61,6,1,1,50,4,5,0,,
7,62,1,1,1,65,4,9,1,,
7,62,12,1,2,72,4,2,0,,
7,62,10,1,1,67,4,5,0,,
7,62,20,1,5,40,1,1,0,,
7,62,5,3,0,0,2,3,0,,
2,63,1,1,5,42,3,5,1,,
2,63,6,1,0,62,3,2,0,,
2,63,5,3,0,0,2,3,0,,
5,64,1,1,0,62,1,9,1,,
5,64,4,1,0,65,1,2,0,,
5,64,49,1,0,43,1,2,0,,
5,64,5,3,0,0,2,3,0,,
5,64,6,1,0,31,1,8,0,,
5,64,20,1,0,26,1,9,0,,
9,65,15,1,0,42,3,8,1,,
9,65,16,1,0,65,3,2,0,,
9,65,6,1,0,64,3,2,0,,
9,65,5,3,0,0,2,3,0,,
9,65,4,1,0,65,3,2,0,,
2,66,1,1,1,51,3,2,1,,
2,66,14,1,5,68,3,7,0,,
2,66,4,1,0,34,3,9,0,,
3,67,7,2,0,49,4,5,1,,
3,67,1,2,0,34,4,5,0,,
3,67,8,1,1,43,4,2,0,,
12,68,24,1,0,71,4,9,1,,
12,68,26,1,0,67,4,9,0,,
12,68,20,1,0,54,4,6,0,,
12,68,25,1,0,59,4,9,0,,
12,68,4,1,0,55,4,8,0,,
12,68,5,3,0,0,2,3,0,,
12,68,1,1,0,65,4,5,0,,
12,68,20,1,0,48,4,2,0,,
7,69,12,2,2,60,4,2,1,,
7,69,1,1,0,68,4,9,0,,
7,69,50,1,0,61,3,1,0,,
7,69,4,2,0,57,4,5,0,,
7,69,5,3,0,0,2,3,0,,
7,70,1,1,0,67,4,9,1,,
7,70,12,2,0,73,4,2,0,,
7,70,10,1,2,50,4,2,0,,
7,70,4,1,0,39,4,6,0,,
7,70,5,3,0,0,2,3,0,,
7,71,12,1,0,61,3,9,1,,
7,71,1,1,1,61,3,2,0,,
7,71,10,1,2,58,3,2,0,,
7,71,4,1,0,37,3,2,0,,
4,72,1,1,0,49,1,6,1,,
4,72,4,1,0,53,1,9,0,,
4,72,5,3,0,0,2,3,0,,
2,73,1,1,0,70,4,9,1,,
2,73,14,1,2,63,4,1,0,,
2,73,4,1,1,61,1,9,0,,
17,74,1,1,0,59,4,2,1,,
17,74,39,1,0,69,4,9,0,,
17,74,4,1,5,51,4,5,0,,
17,74,5,3,0,0,2,3,0,,
5,75,1,1,2,45,4,5,1,,
5,75,4,1,0,55,4,2,0,,
5,75,5,3,0,0,2,3,0,,
5,75,38,1,0,39,3,12,0,,
18,76,4,1,0,44,4,2,1,,
18,76,51,1,1,66,4,9,0,,
18,76,52,1,2,44,4,4,0,,
18,76,12,1,0,65,4,5,0,,
7,77,1,1,24,57,4,7,1,,
7,77,12,1,0,68,4,2,0,,
7,77,10,2,0,47,4,5,0,,
7,77,4,1,0,44,4,8,0,,
7,77,5,3,0,0,2,3,0,,
7,78,12,2,0,28,4,1,1,,
7,78,1,1,14,42,4,2,0,,
7,78,4,1,1,51,4,2,0,,
7,78,10,1,0,70,4,5,0,,
21,79,4,1,1,38,1,2,1,,
21,79,1,1,2,46,1,7,0,,
21,79,5,3,0,0,2,3,0,,
21,79,10,1,0,42,1,2,0,,
21,79,6,1,0,55,1,8,0,,
21,79,21,1,0,38,1,12,0,,
21,79,9,1,0,29,1,2,0,,
21,79,53,1,0,40,1,1,0,,
2,80,1,1,5,45,4,2,1,,
2,80,6,1,3,65,4,6,0,,
2,80,4,1,0,50,4,5,0,,
2,80,19,1,0,42,4,1,0,,
11,81,23,2,0,52,4,7,1,,
11,81,4,1,0,41,4,7,0,,
11,81,22,2,0,33,4,2,0,,
11,81,54,1,1,54,4,1,0,,
11,81,5,3,0,0,2,3,0,,
3,82,1,2,1,36,4,2,1,,
3,82,7,1,1,48,4,5,0,,
3,82,8,1,1,62,4,2,0,,
3,82,20,1,1,57,4,2,0,,
15,83,1,1,6,66,4,5,1,,
15,83,10,1,5,32,4,4,0,,
15,83,32,1,1,59,4,4,0,,
15,83,5,3,0,0,2,3,0,,
15,83,20,1,0,27,4,1,0,,
19,84,1,1,0,63,4,9,1,,
19,84,4,1,0,69,4,9,0,,
19,85,1,1,0,67,1,12,1,,
19,85,4,1,0,65,1,9,0,,
17,86,39,1,0,68,4,7,1,,
17,86,1,1,4,44,4,9,0,,
17,86,4,1,1,52,4,5,0,,
17,86,5,3,0,0,2,3,0,,
20,87,1,1,0,55,1,2,1,,
20,87,4,1,0,31,1,9,0,,
20,87,6,1,0,44,1,10,0,,
20,87,5,3,0,0,2,3,0,,
2,88,1,1,6,44,4,7,1,,
2,88,6,1,5,59,4,5,0,,
2,88,4,1,2,59,4,7,0,,
17,89,39,2,0,42,3,5,1,,
17,89,1,1,0,49,3,2,0,,
17,89,4,2,0,42,3,2,0,,
15,90,48,1,0,41,4,8,1,,
15,90,32,1,0,43,4,1,0,,
15,90,5,3,0,0,2,3,0,,
3,91,1,1,2,50,4,6,1,,
3,91,7,1,0,64,4,7,0,,
3,91,6,2,0,37,4,9,0,,
3,91,8,1,0,68,4,9,0,,
3,91,20,1,2,56,4,6,0,,
5,92,1,2,0,39,3,8,1,,
5,92,4,1,0,59,3,9,0,,
5,92,6,1,0,56,3,9,0,,
4,93,1,1,0,61,1,2,1,,
4,93,4,1,3,37,4,1,0,,
4,93,49,1,6,73,1,7,0,,
4,93,20,1,0,40,4,12,0,,
4,94,1,2,0,55,4,9,1,,
4,94,4,1,0,50,4,7,0,,
4,94,5,3,0,0,2,3,0,,
5,95,1,1,0,62,4,5,1,,
5,95,4,1,1,52,4,1,0,,
5,95,5,3,0,0,2,3,0,,
5,95,6,1,1,40,4,12,0,,
5,95,55,1,0,42,4,5,0,,
20,96,1,2,0,45,3,2,1,,
20,96,4,1,0,28,3,9,0,,
20,96,6,1,0,67,3,7,0,,
3,97,1,1,0,58,4,5,1,,
3,97,4,1,1,62,4,1,0,,
3,97,8,1,0,69,4,4,0,,
3,97,20,1,2,27,4,1,0,,
3,97,5,3,0,0,2,3,0,,
10,98,1,1,0,64,4,5,1,,
10,98,4,2,0,43,4,9,0,,
10,98,56,2,0,30,4,2,0,,
10,98,57,1,0,46,4,9,0,,
1,99,4,1,14,55,4,1,1,,
1,99,3,1,0,60,4,2,0,,
1,99,1,1,7,46,4,2,0,,
1,99,10,1,0,54,4,8,0,,
1,99,20,1,0,44,3,11,0,,
20,100,1,2,1,49,4,2,1,,
20,100,4,1,8,71,4,9,0,,
17,101,1,2,0,49,4,5,1,,
17,101,39,1,0,63,4,9,0,,
17,101,10,1,1,71,4,9,0,,
19,102,1,1,1,50,4,9,1,,
19,102,4,1,0,57,4,9,0,,
19,102,6,1,0,65,4,7,0,,
19,103,1,1,0,66,3,5,1,,
19,103,36,2,0,42,3,4,0,,
19,103,20,1,0,33,3,9,0,,
19,103,6,1,3,36,3,9,0,,
19,103,5,3,0,0,2,3,0,,
2,104,6,1,7,53,4,5,1,,
2,104,1,1,3,55,4,5,0,,
2,104,4,1,1,59,4,9,0,,
5,105,1,1,0,65,3,2,1,,
5,105,4,1,0,55,3,5,0,,
5,105,5,3,0,0,2,3,0,,
5,105,6,1,0,47,3,12,0,,
21,106,1,1,0,51,4,9,1,,
21,106,4,1,4,51,4,9,0,,
21,106,6,1,0,47,4,1,0,,
7,107,12,2,0,49,4,5,1,,
7,107,1,1,7,63,4,5,0,,
7,107,10,1,0,54,4,4,0,,
7,107,4,1,0,51,4,1,0,,
7,107,58,1,0,49,4,7,0,,
7,108,1,1,6,38,3,1,1,,
7,108,12,1,0,39,3,2,0,,
7,108,10,1,0,72,3,5,0,,
7,108,4,1,0,67,3,9,0,,
7,108,5,3,0,0,2,3,0,,
17,109,1,2,0,57,4,5,1,,
17,109,39,1,0,45,4,5,0,,
17,109,4,1,0,45,4,2,0,,
17,109,5,3,0,0,2,3,0,,
17,109,9,1,0,49,3,9,0,,
7,110,12,1,0,63,3,7,1,,
7,110,1,1,0,53,3,2,0,,
7,110,10,1,3,61,3,9,0,,
7,110,4,1,0,47,3,5,0,,
7,110,58,1,0,44,3,5,0,,
2,111,1,1,1,42,3,5,1,,
2,111,6,1,28,50,3,1,0,,
2,111,4,1,3,58,3,7,0,,
3,112,21,1,3,58,4,1,1,,
3,112,7,1,1,58,4,9,0,,
3,112,8,1,2,57,4,8,0,,
15,113,1,1,3,66,4,5,1,,
15,113,32,1,1,75,4,9,0,,
15,113,6,1,1,50,4,9,0,,
15,113,5,3,0,0,2,3,0,,
15,113,19,1,0,34,4,5,0,,
15,113,20,1,0,42,4,13,0,,
6,114,4,1,4,66,4,5,1,,
6,114,10,1,0,71,4,8,0,,
6,114,1,1,6,59,4,5,0,,
19,115,1,1,0,71,3,2,1,,
19,115,4,1,0,58,3,2,0,,
19,115,6,1,0,42,3,4,0,,
19,115,5,3,0,0,2,3,0,,
2,116,1,1,0,62,4,4,1,,
2,116,14,1,2,43,4,2,0,,
2,116,59,2,2,52,4,12,0,,
2,116,19,1,0,32,4,9,0,,
2,116,5,3,0,0,2,3,0,,
22,117,1,2,0,66,4,2,1,,
22,117,4,1,0,70,4,9,0,,
22,117,22,1,0,78,4,2,0,,
22,117,6,1,0,44,3,6,0,,
23,118,1,1,0,64,4,2,1,,
23,118,4,1,0,74,4,5,0,,
23,118,22,1,0,52,4,9,0,,
3,119,4,1,5,43,4,1,1,,
3,119,1,1,0,64,4,7,0,,
3,119,8,1,2,48,4,9,0,,
24,120,1,1,0,55,4,2,1,,
24,120,4,1,0,62,4,5,0,,
24,120,32,1,3,52,4,5,0,,
24,120,10,1,2,40,4,7,0,,
24,120,6,1,0,36,4,10,0,,
24,120,20,1,0,43,4,5,0,,
24,120,20,1,0,66,4,10,0,,
24,120,20,1,0,41,4,7,0,,
14,121,27,1,1,52,4,5,1,,
14,121,28,1,0,41,4,2,0,,
14,121,30,2,0,54,4,2,0,,
14,121,29,1,0,31,4,2,0,,
14,121,60,1,3,48,4,6,0,,
14,121,5,3,0,0,2,3,0,,
14,122,27,1,0,49,4,2,1,,
14,122,61,1,6,65,4,1,0,,
14,122,30,1,0,62,4,2,0,,
14,122,29,2,3,33,4,5,0,,
14,122,20,1,0,44,4,7,0,,
14,122,5,3,0,0,2,3,0,,
14,123,27,2,0,56,4,4,1,,
14,123,31,1,0,31,4,9,0,,
14,123,30,1,0,40,4,5,0,,
14,123,29,2,0,26,4,2,0,,
14,123,20,1,0,55,4,4,0,,
14,123,5,3,0,0,2,3,0,,
1,124,3,1,0,54,4,2,1,,
1,124,4,1,1,59,4,9,0,,
1,124,1,1,0,58,4,6,0,,
20,125,4,1,0,44,4,5,1,,
20,125,1,1,0,57,1,7,0,,
20,125,62,1,2,56,1,2,0,,
20,125,5,3,0,0,2,3,0,,
20,125,6,1,0,45,3,7,0,,
4,126,1,2,0,47,1,1,1,,
4,126,4,1,0,53,1,5,0,,
4,126,5,3,0,0,2,3,0,,
4,126,6,1,0,48,1,10,0,,
14,127,63,1,3,56,3,4,1,,
14,127,31,1,0,46,3,2,0,,
14,127,20,1,0,55,3,4,0,,
14,127,29,1,0,35,3,13,0,,
14,127,5,3,0,0,2,3,0,,
14,127,30,1,0,49,3,6,0,,
19,128,1,1,0,76,4,9,1,,
19,128,4,1,0,79,4,9,0,,
19,128,6,1,0,65,4,2,0,,
19,128,10,2,3,48,4,1,0,,
19,129,1,1,0,55,4,1,1,,
19,129,4,1,0,72,4,7,0,,
19,129,6,1,0,49,3,8,0,,
19,130,1,1,0,62,3,5,1,,
19,130,4,1,0,64,3,2,0,,
9,131,15,1,0,68,3,2,1,,
9,131,16,1,0,67,3,9,0,,
9,131,4,1,0,60,3,9,0,,
9,131,5,3,0,0,2,3,0,,
9,131,6,1,4,45,3,6,0,,
5,132,1,1,0,43,4,5,1,,
5,132,4,1,0,68,4,9,0,,
5,132,5,3,0,0,2,3,0,,
5,133,1,1,0,42,4,5,1,,
5,133,4,1,3,58,4,7,0,,
5,133,10,1,12,41,4,9,0,,
5,133,6,1,0,57,4,1,0,,
14,134,10,1,1,68,4,1,1,,
14,134,1,1,0,61,4,5,0,,
14,134,30,1,0,55,4,2,0,,
14,134,29,1,0,36,4,2,0,,
14,134,20,1,3,68,4,1,0,,
14,134,5,3,0,0,2,3,0,,
7,135,1,1,11,33,3,8,1,,
7,135,12,1,0,66,3,1,0,,
7,135,50,1,2,61,3,2,0,,
7,135,4,2,0,38,3,2,0,,
14,136,27,1,0,48,4,9,1,,
14,136,28,1,1,69,4,2,0,,
14,136,20,1,0,49,4,7,0,,
14,136,29,2,0,40,4,5,0,,
14,136,30,1,0,44,4,2,0,,
17,137,39,1,0,62,4,2,1,,
17,137,1,1,0,63,4,2,0,,
17,137,4,1,1,67,4,2,0,,
25,138,20,1,0,56,1,5,1,,
25,138,1,1,6,46,1,12,0,,
25,138,4,1,1,40,1,1,0,,
25,138,21,2,0,35,1,9,0,,
25,138,20,1,0,33,1,5,0,,
25,138,5,3,0,0,2,3,0,,
25,138,20,1,0,31,1,1,0,,
4,139,1,1,0,52,1,9,1,,
4,139,4,1,1,58,1,5,0,,
4,139,5,3,0,0,2,3,0,,
4,139,6,1,0,64,1,7,0,,
4,139,20,1,0,51,1,9,0,,
19,140,1,1,4,52,4,7,1,,
19,140,4,1,1,34,4,5,0,,
19,140,60,1,1,57,4,1,0,,
26,141,1,1,0,63,4,8,1,,
26,141,4,1,5,44,4,6,0,,
26,141,20,1,8,42,4,5,0,,
26,141,5,3,0,0,2,3,0,,
20,142,1,1,0,59,4,9,1,,
20,142,4,1,0,57,4,7,0,,
20,142,6,1,0,34,4,8,0,,
15,143,1,1,0,49,4,2,1,,
15,143,32,1,0,67,4,1,0,,
15,143,5,3,0,0,2,3,0,,
15,143,20,1,0,58,4,10,0,,
15,143,6,1,1,64,4,10,0,,
7,144,1,1,0,33,4,5,1,,
7,144,12,1,2,71,4,2,0,,
7,144,4,1,2,65,3,5,0,,
7,144,10,1,7,46,4,5,0,,
7,144,20,1,0,49,4,1,0,,
5,145,1,2,0,71,1,2,1,,
5,145,4,2,0,54,1,1,0,,
5,145,6,1,0,36,1,2,0,,
19,146,1,1,0,67,4,7,1,,
19,146,4,1,0,51,4,7,0,,
2,147,1,1,1,69,4,9,1,,
2,147,6,1,0,56,4,13,0,,
2,147,4,1,0,57,4,13,0,,
2,147,5,3,0,0,2,3,0,,
20,148,1,1,0,35,3,9,1,,
20,148,4,1,0,65,3,2,0,,
20,148,6,1,0,43,3,2,0,,
24,149,1,1,0,69,4,5,1,,
24,149,4,1,4,58,4,5,0,,
20,150,1,1,1,65,1,2,1,,
20,150,4,1,0,38,1,5,0,,
20,150,5,3,0,0,2,3,0,,
20,150,6,1,0,61,1,2,0,,
14,151,27,1,1,41,4,2,1,,
14,151,28,1,12,50,4,9,0,,
14,151,20,1,4,57,4,2,0,,
14,151,29,2,0,30,4,2,0,,
14,151,30,1,1,43,4,2,0,,
14,151,5,3,0,0,2,3,0,,
19,152,1,1,1,56,4,5,1,,
19,152,4,1,0,52,4,1,0,,
2,153,1,2,3,45,4,1,1,,
2,153,6,1,7,63,4,7,0,,
2,153,4,1,0,42,4,2,0,,
2,153,5,3,0,0,2,3,0,,
17,154,39,1,1,58,3,1,1,,
17,154,1,1,7,59,4,5,0,,
17,154,4,1,0,77,4,1,0,,
18,155,52,1,7,63,4,2,1,,
18,155,4,1,1,52,4,2,0,,
18,155,51,1,0,50,4,5,0,,
3,156,1,1,2,66,4,2,1,,
3,156,4,1,1,45,4,5,0,,
3,156,8,1,1,46,4,12,0,,
7,157,12,1,0,31,4,5,1,,
7,157,1,1,4,43,4,2,0,,
7,157,10,1,0,48,4,9,0,,
7,157,4,1,0,49,4,2,0,,
7,157,5,3,0,0,2,3,0,,
18,158,1,1,0,48,4,7,1,,
18,158,4,1,0,67,4,5,0,,
18,158,5,3,0,0,2,3,0,,
14,159,27,1,0,52,4,11,1,,
14,159,28,1,0,48,4,13,0,,
14,159,20,1,1,42,4,2,0,,
14,159,29,1,0,56,4,13,0,,
14,159,30,1,0,52,4,9,0,,
14,159,5,3,0,0,2,3,0,,
3,160,1,2,0,40,1,9,1,,
3,160,7,1,1,44,1,1,0,,
3,160,10,1,7,70,1,5,0,,
3,160,8,1,0,53,1,7,0,,
2,161,1,1,3,68,4,2,1,,
2,161,6,1,3,37,4,5,0,,
2,161,4,1,0,37,4,2,0,,
2,161,5,3,0,0,2,3,0,,
7,162,12,1,1,71,4,2,1,,
7,162,1,1,2,53,3,5,0,,
7,162,10,1,2,67,4,5,0,,
7,162,4,1,1,37,4,9,0,,
7,162,5,3,0,0,2,3,0,,
24,163,1,1,0,39,1,1,1,,
24,163,64,1,0,72,1,7,0,,
24,163,20,1,0,60,1,9,0,,
24,163,10,1,0,45,1,7,0,,
24,163,5,3,0,0,2,3,0,,
24,163,12,1,0,44,1,7,0,,
24,163,20,1,0,45,1,8,0,,
21,164,1,1,0,59,4,5,1,,
21,164,4,2,0,61,4,1,0,,
21,164,6,2,0,25,4,2,0,,
23,165,1,1,1,37,4,1,1,,
23,165,4,1,0,50,4,5,0,,
23,165,22,2,1,37,4,2,0,,
23,165,6,1,0,48,3,1,0,,
9,166,15,1,0,46,4,5,1,,
9,166,16,1,1,59,4,7,0,,
9,166,17,1,0,71,4,13,0,,
9,166,5,3,0,0,2,3,0,,
9,166,4,1,0,55,4,5,0,,
6,167,4,1,7,35,4,5,1,,
6,167,10,1,6,51,4,9,0,,
6,167,1,1,1,65,4,5,0,,
14,168,27,1,0,72,4,5,1,,
14,168,31,1,0,52,4,1,0,,
14,168,30,1,0,43,4,6,0,,
14,168,29,2,2,43,4,2,0,,
14,168,20,1,0,41,4,5,0,,
14,168,5,3,0,0,2,3,0,,
2,169,1,1,0,58,4,9,1,,
2,169,14,1,0,70,4,4,0,,
2,170,1,1,12,54,3,4,0,,
2,170,14,1,0,35,3,5,0,,
2,170,4,1,0,45,3,5,0,,
2,171,1,1,1,64,4,2,1,,
2,171,14,1,8,55,4,1,0,,
2,171,4,1,3,68,4,4,0,,
10,172,1,1,0,62,4,9,1,,
10,172,4,1,1,62,4,8,0,,
10,172,6,1,0,43,4,7,0,,
11,173,4,1,0,78,3,12,1,,
11,173,23,1,1,61,3,10,0,,
11,173,22,1,0,78,3,2,0,,
11,173,54,1,0,61,3,1,0,,
11,173,5,3,0,0,2,3,0,,
2,174,1,1,0,50,4,5,1,,
2,174,6,1,2,54,4,5,0,,
2,174,4,1,1,66,4,2,0,,
11,175,4,1,0,65,3,2,1,,
11,175,23,1,1,66,3,2,0,,
11,175,65,1,0,44,3,2,0,,
11,175,22,1,0,35,3,1,0,,
11,175,5,3,0,0,2,3,0,,
2,176,1,2,0,52,4,1,1,,
2,176,6,1,0,62,4,8,0,,
2,176,4,1,8,63,4,2,0,,
2,176,5,3,0,0,2,3,0,,
2,177,1,1,3,52,4,5,1,,
2,177,4,1,4,68,4,5,0,,
2,177,6,1,6,44,4,7,0,,
2,177,5,3,0,0,2,3,0,,
2,178,1,1,0,68,4,9,1,,
2,178,14,1,0,32,4,9,0,,
2,178,47,1,0,64,4,9,0,,
11,179,23,1,4,56,4,2,1,,
11,179,4,1,0,56,3,7,0,,
11,179,22,1,0,49,4,5,0,,
11,179,10,1,2,54,4,1,0,,
11,179,5,3,0,0,2,3,0,,
3,180,1,1,0,55,1,1,1,,
3,180,4,1,0,48,1,2,0,,
3,180,8,1,0,66,1,2,0,,
3,180,6,1,0,44,1,1,0,,
3,180,5,3,0,0,2,3,0,,
3,180,9,1,0,59,1,9,0,,
4,181,1,1,4,54,4,1,1,,
4,181,4,1,0,61,4,9,0,,
4,181,5,3,0,0,2,3,0,,
5,182,1,1,0,48,3,5,1,,
5,182,4,1,0,63,3,5,0,,
5,182,10,1,0,74,3,10,0,,
5,182,5,3,0,0,2,3,0,,
8,183,1,1,0,55,4,2,1,,
8,183,4,1,0,50,4,2,0,,
8,183,5,3,0,0,2,3,0,,
18,184,1,2,0,67,4,5,1,,
18,184,4,2,0,52,4,2,0,,
18,184,20,1,0,53,4,9,0,,
2,185,1,1,0,59,4,9,1,,
2,185,6,1,1,42,4,8,0,,
2,185,4,1,0,30,4,4,0,,
15,186,48,1,3,55,3,1,1,,
15,186,41,1,3,73,3,5,0,,
15,186,5,3,0,0,2,3,0,,
15,186,66,1,0,49,3,2,0,,
15,186,9,1,1,61,3,2,0,,
15,186,67,1,0,27,3,2,0,,
15,186,68,1,0,46,3,1,0,,
15,186,6,1,0,48,3,5,0,,
15,186,69,1,0,38,3,7,0,,
15,186,70,1,0,53,3,5,0,,
15,186,43,1,0,49,3,9,0,,
15,186,71,1,0,52,3,7,0,,
7,187,12,1,0,36,4,6,1,,
7,187,1,2,11,56,4,2,0,,
7,187,10,1,0,63,4,1,0,,
7,187,4,1,0,33,4,2,0,,
2,188,1,1,2,67,4,4,1,,
2,188,14,1,0,76,4,2,0,,
2,188,4,2,0,34,4,2,0,,
2,189,6,1,5,65,4,2,1,,
2,189,1,1,0,59,4,9,0,,
2,189,19,1,0,59,4,5,0,,
2,189,4,1,1,46,4,9,0,,
2,190,6,1,13,36,4,5,1,,
2,190,1,1,0,78,4,10,0,,
2,190,19,1,0,53,4,7,0,,
2,190,4,1,2,70,4,2,0,,
2,190,10,1,0,64,4,9,0,,
24,191,72,1,2,50,4,5,1,,
24,191,64,1,3,52,4,7,0,,
24,191,5,3,0,0,2,3,0,,
24,192,1,1,4,47,4,4,1,,
24,192,73,1,13,53,4,5,0,,
24,192,5,3,0,0,2,3,0,,
24,192,6,1,0,46,4,4,0,,
24,192,20,1,0,82,4,2,0,,
24,192,20,1,1,36,4,2,0,,
2,193,1,1,0,53,4,2,1,,
2,193,14,1,4,52,4,1,0,,
2,193,4,2,0,62,4,1,0,,
15,194,48,1,0,61,3,2,1,,
15,194,32,1,1,41,3,5,0,,
15,194,5,3,0,0,2,3,0,,
15,194,6,1,0,29,3,2,0,,
15,194,20,1,0,40,3,5,0,,
15,194,20,1,3,46,3,10,0,,
15,194,20,1,0,44,3,5,0,,
2,195,1,1,0,51,4,1,1,,
2,195,14,1,7,58,4,5,0,,
2,195,4,1,1,64,4,9,0,,
19,196,1,1,0,60,3,2,1,,
19,196,4,1,0,77,3,9,0,,
20,197,1,1,0,43,4,9,1,,
20,197,4,1,0,48,4,2,0,,
20,197,6,1,3,41,4,2,0,,
20,197,5,3,0,0,2,3,0,,
9,198,16,1,0,53,4,5,1,,
9,198,15,1,3,52,4,9,0,,
9,198,17,1,1,50,4,7,0,,
9,198,4,1,1,53,4,2,0,,
11,199,1,1,0,59,4,6,1,,
11,199,4,1,0,65,4,2,0,,
11,199,22,1,0,37,4,1,0,,
11,199,74,1,0,49,4,7,0,,
10,200,1,1,0,69,4,9,1,,
10,200,4,1,0,60,4,9,0,,
10,200,6,1,0,58,4,5,0,,
20,201,1,1,0,71,4,9,1,,
20,201,4,1,0,56,4,5,0,,
20,201,6,2,0,50,4,7,0,,
15,202,75,1,1,66,3,9,1,,
15,202,32,1,3,49,3,5,0,,
15,202,20,1,0,32,3,1,0,,
15,202,5,3,0,0,2,3,0,,
15,202,20,1,0,33,3,1,0,,
15,202,6,1,0,47,3,7,0,,
15,202,76,1,0,41,3,10,0,,
27,203,1,1,3,44,4,5,1,,
2,203,1,1,4,45,4,2,1,,
2,203,6,1,0,42,4,5,0,,
27,203,4,1,0,68,4,9,0,,
2,203,4,1,0,64,4,2,0,,
2,203,20,1,1,43,4,5,0,,
2,203,5,3,0,0,2,3,0,,
2,204,1,1,0,61,3,5,1,,
2,204,14,2,0,55,3,2,0,,
2,204,4,1,0,46,3,5,0,,
2,204,5,3,0,0,2,3,0,,
8,205,1,1,0,59,4,4,1,,
8,205,4,1,0,70,4,2,0,,
8,205,6,1,0,60,4,9,0,,
19,206,36,1,0,28,4,9,1,,
19,206,1,1,0,60,4,9,0,,
19,206,6,1,0,29,3,1,0,,
2,207,1,1,0,61,3,1,1,,
2,207,14,1,2,68,3,9,0,,
2,207,4,1,0,71,3,5,0,,
3,208,21,1,0,38,4,5,1,,
3,208,77,1,15,51,4,7,0,,
3,208,8,1,0,56,4,12,0,,
19,209,1,1,0,52,4,1,1,,
19,209,4,1,0,72,4,9,0,,
24,210,1,1,0,55,4,2,1,,
24,210,4,1,0,74,4,5,0,,
24,210,10,1,1,73,4,1,0,,
24,210,20,1,1,42,4,5,0,,
24,210,20,1,0,34,4,1,0,,
9,211,15,1,2,50,4,5,1,,
9,211,16,1,4,63,4,5,0,,
9,211,4,1,1,41,4,2,0,,
9,211,5,3,0,0,2,3,0,,
9,211,1,1,2,60,4,5,0,,
3,212,21,1,0,48,4,5,1,,
3,212,4,1,1,56,4,7,0,,
3,212,8,1,0,60,4,2,0,,
3,212,20,1,0,44,4,2,0,,
10,213,1,1,0,46,4,2,1,,
10,213,56,1,0,31,4,2,0,,
10,213,4,1,0,26,4,2,0,,
10,213,6,1,0,58,4,7,0,,
7,214,1,2,14,45,4,5,1,,
7,214,12,2,0,70,4,9,0,,
7,214,10,1,1,54,3,1,0,,
7,214,4,1,1,57,3,1,0,,
20,215,1,1,1,54,4,5,1,,
20,215,4,1,0,39,4,5,0,,
20,215,5,3,0,0,2,3,0,,
20,215,6,1,0,68,3,2,0,,
11,216,1,1,0,70,3,2,1,,
11,216,4,1,0,49,3,2,0,,
11,216,6,1,0,68,3,9,0,,
11,216,22,1,1,42,3,9,0,,
11,216,5,3,0,0,2,3,0,,
7,217,12,1,1,64,4,5,1,,
7,217,1,1,0,60,4,2,0,,
7,217,10,1,0,44,4,9,0,,
7,217,4,2,0,61,4,5,0,,
1,218,40,1,5,49,4,9,1,,
1,218,1,1,3,67,4,9,0,,
1,218,3,1,0,46,4,9,0,,
1,218,4,1,0,46,4,1,0,,
6,219,4,1,204,37,4,2,1,,
6,219,20,1,9,49,4,2,0,,
6,219,11,1,0,49,4,5,0,,
20,220,1,1,2,57,4,9,1,,
20,220,4,1,4,58,4,5,0,,
28,221,1,1,0,67,4,4,1,,
28,221,4,1,1,59,4,2,0,,
28,221,10,1,0,69,4,9,0,,
28,221,20,1,0,40,4,7,0,,
28,221,78,1,0,59,4,9,0,,
20,222,1,1,1,56,4,5,1,,
20,222,4,1,0,63,4,9,0,,
20,222,6,1,0,78,3,2,0,,
7,223,12,2,0,30,4,5,1,,
7,223,1,1,0,37,4,4,0,,
7,223,10,1,0,68,4,9,0,,
7,223,5,3,0,0,2,3,0,,
17,224,39,2,0,54,3,9,1,,
17,224,1,1,0,55,3,2,0,,
17,224,4,2,0,56,3,2,0,,
15,225,48,1,3,68,4,7,1,,
15,225,32,1,8,60,4,2,0,,
15,225,79,1,3,60,4,4,0,,
15,225,5,3,0,0,2,3,0,,
15,225,33,2,5,54,4,10,0,,
15,225,6,1,3,38,4,1,0,,
15,225,43,1,0,38,4,5,0,,
15,225,80,1,1,68,4,4,0,,
5,226,1,1,0,61,4,1,1,,
5,226,4,2,0,44,4,4,0,,
5,227,1,1,0,49,4,5,1,,
5,227,4,2,0,41,4,5,0,,
17,228,39,2,0,45,3,2,1,,
17,228,1,1,1,61,3,7,0,,
17,228,4,1,0,50,3,2,0,,
11,229,4,1,0,72,3,9,1,,
11,229,23,1,0,82,3,9,0,,
11,229,6,1,0,40,3,2,0,,
11,229,22,1,0,69,3,9,0,,
11,229,5,3,0,0,2,3,0,,
2,230,1,1,1,60,3,2,1,,
2,230,6,1,0,46,3,1,0,,
2,230,4,1,0,56,3,2,0,,
2,230,81,1,0,55,3,1,0,,
2,230,5,3,0,0,2,3,0,,
3,231,1,1,1,40,4,9,1,,
3,231,7,1,2,63,4,7,0,,
3,231,8,2,0,50,4,5,0,,
3,232,1,1,2,65,4,5,0,,
3,232,4,1,3,50,4,1,0,,
3,232,8,1,2,65,4,2,0,,
3,232,5,3,0,0,2,3,0,,
5,233,1,1,0,42,4,7,1,,
5,233,4,1,0,44,4,1,0,,
5,233,5,3,0,0,2,3,0,,
7,234,1,1,0,51,3,9,1,,
7,234,12,1,0,62,3,2,0,,
7,234,10,1,0,62,3,2,0,,
7,234,4,1,0,61,3,1,0,,
7,234,5,3,0,0,2,3,0,,
12,235,1,1,0,56,4,7,1,,
12,235,4,1,0,56,4,9,0,,
4,236,1,2,0,44,4,5,1,,
4,236,4,1,1,60,4,5,0,,
24,237,1,1,3,56,4,1,1,,
24,237,64,1,1,62,1,7,0,,
15,238,75,1,1,37,3,9,1,,
15,238,82,1,3,56,3,5,0,,
15,238,5,3,0,0,2,3,0,,
15,238,6,1,0,40,3,13,0,,
15,238,20,1,0,51,3,5,0,,
15,238,20,1,0,60,3,5,0,,
15,238,38,2,0,32,3,5,0,,
7,239,12,1,0,58,4,5,1,,
7,239,1,2,2,48,4,5,0,,
7,239,4,1,0,59,4,9,0,,
7,239,10,1,0,53,4,2,0,,
7,239,83,1,0,65,4,4,0,,
21,240,1,1,0,52,3,9,1,,
21,240,4,1,0,42,3,5,0,,
21,240,6,1,0,60,3,2,0,,
2,241,6,1,0,65,4,2,1,,
2,241,1,1,0,42,4,4,0,,
2,241,4,1,0,48,4,9,0,,
7,242,12,2,0,53,3,2,1,,
7,242,1,1,0,43,3,9,0,,
7,242,13,1,0,67,3,5,0,,
7,242,84,1,2,64,3,8,0,,
7,242,4,1,0,50,3,2,0,,
5,243,1,1,0,48,4,2,1,,
5,243,4,1,4,48,4,9,0,,
5,243,5,3,0,0,2,3,0,,
15,244,48,1,1,63,4,7,1,,
15,244,32,1,2,51,4,10,0,,
15,244,20,1,0,29,4,9,0,,
15,244,85,1,0,65,4,5,0,,
15,244,20,1,3,45,4,2,0,,
15,244,20,1,2,53,4,7,0,,
2,245,1,1,0,54,4,2,1,,
2,245,14,1,4,59,4,5,0,,
2,245,4,1,1,47,4,2,0,,
2,245,5,3,0,0,2,3,0,,
7,246,1,1,0,56,1,9,1,,
7,246,12,2,1,48,1,2,0,,
7,246,10,2,1,48,1,7,0,,
7,246,4,1,1,54,1,8,0,,
7,246,5,3,0,0,2,3,0,,
5,247,1,1,1,58,4,5,1,,
5,247,4,1,0,64,4,7,0,,
5,248,1,1,1,51,4,2,1,,
5,248,4,1,1,38,4,9,0,,
18,249,1,1,0,50,4,2,1,,
18,249,4,1,0,44,4,5,0,,
18,249,10,1,0,42,4,2,0,,
18,249,5,3,0,0,2,3,0,,
4,250,1,1,1,36,4,1,1,,
4,250,4,1,0,55,4,5,0,,
4,250,6,1,0,48,3,1,0,,
4,250,5,3,0,0,2,3,0,,
4,251,1,1,0,40,3,2,1,,
4,251,4,1,0,52,3,5,0,,
4,251,5,3,0,0,2,3,0,,
9,252,15,1,4,34,4,2,1,,
9,252,16,1,0,61,4,2,0,,
9,252,5,3,0,0,2,3,0,,
2,253,1,1,5,48,4,2,1,,
2,253,14,2,0,48,4,7,0,,
2,253,4,1,0,64,4,5,0,,
2,254,1,1,4,62,4,9,1,,
2,254,6,1,3,66,4,2,0,,
2,254,4,1,0,54,4,13,0,,
2,254,5,3,0,0,2,3,0,,
9,255,15,2,0,55,4,2,1,,
9,255,16,1,0,49,4,2,0,,
9,255,17,1,0,62,4,1,0,,
9,255,5,3,0,0,2,3,0,,
17,256,1,1,3,58,4,1,1,,
17,256,39,1,0,52,4,7,0,,
17,256,4,1,3,60,3,9,0,,
17,256,5,3,0,0,2,3,0,,
17,256,38,2,0,43,4,7,0,,
17,256,9,1,0,42,3,9,0,,
18,257,4,1,0,36,4,2,1,,
18,257,51,1,0,41,4,2,0,,
18,257,20,1,1,57,4,8,0,,
18,257,5,3,0,0,2,3,0,,
14,258,27,1,1,44,4,2,1,,
14,258,61,1,5,51,4,5,0,,
14,258,20,1,0,69,4,9,0,,
14,258,29,1,0,40,4,13,0,,
14,258,30,1,0,40,4,1,0,,
3,259,21,1,1,32,4,2,1,,
3,259,7,1,1,52,4,7,0,,
3,259,8,1,3,54,4,1,0,,
3,259,5,3,0,0,2,3,0,,
3,259,6,1,1,35,4,7,0,,
14,260,27,1,0,44,3,2,1,,
14,260,31,2,0,36,3,2,0,,
14,260,29,2,0,26,3,2,0,,
14,260,20,1,0,51,3,2,0,,
14,260,5,3,0,0,2,3,0,,
17,261,39,1,0,55,4,4,1,,
17,261,1,1,0,66,4,2,0,,
17,261,4,1,0,37,4,5,0,,
17,261,5,3,0,0,2,3,0,,
27,262,1,1,2,67,1,1,1,,
27,262,4,1,0,45,4,7,0,,
27,262,5,3,0,0,2,3,0,,
21,263,1,1,0,61,1,2,1,,
21,263,4,1,0,52,1,2,0,,
21,263,5,3,0,0,2,3,0,,
2,264,1,1,11,39,4,5,1,,
2,264,14,2,0,41,4,5,0,,
14,265,4,1,0,68,4,2,1,,
14,265,1,1,0,67,4,9,0,,
14,265,29,1,0,41,4,9,0,,
14,265,20,1,0,55,4,2,0,,
6,266,4,1,3,70,4,2,1,,
6,266,10,2,10,69,4,1,0,,
6,266,1,1,0,70,4,7,0,,
2,267,1,1,0,71,4,2,1,,
2,267,4,1,0,74,4,1,0,,
2,267,14,1,1,61,4,2,0,,
7,268,12,1,3,77,4,1,1,,
7,268,1,1,0,46,4,2,0,,
7,268,10,1,3,38,4,2,0,,
7,268,4,1,0,65,4,2,0,,
15,269,48,1,3,64,4,8,1,,
15,269,82,1,5,56,4,2,0,,
15,269,33,1,3,63,4,5,0,,
15,269,5,3,0,0,2,3,0,,
15,269,6,1,0,45,4,1,0,,
15,269,86,1,0,48,4,2,0,,
15,269,79,2,0,43,4,1,0,,
5,270,1,1,0,49,3,2,1,,
5,270,4,1,0,31,3,9,0,,
5,270,6,1,0,44,3,5,0,,
18,271,1,1,0,46,3,5,1,,
18,271,52,1,0,66,3,1,0,,
18,271,4,1,1,37,3,5,0,,
1,272,1,1,6,47,4,2,1,,
1,272,3,1,0,59,4,9,0,,
1,272,4,1,3,52,4,2,0,,
1,272,20,1,1,38,4,2,0,,
10,273,1,1,0,51,4,5,1,,
10,273,4,1,0,62,4,9,0,,
10,273,6,1,0,31,4,7,0,,
10,273,22,1,0,41,4,9,0,,
10,273,18,1,0,56,4,1,0,,
14,274,4,2,0,43,4,2,1,,
14,274,31,1,2,73,4,4,0,,
14,274,29,1,0,53,4,2,0,,
14,274,20,1,0,52,4,9,0,,
14,274,30,1,0,42,4,9,0,,
6,275,4,1,1,65,4,5,1,,
6,275,10,1,4,61,4,5,0,,
6,275,1,1,1,52,4,7,0,,
15,276,48,1,1,51,4,5,1,,
15,276,4,1,1,68,4,5,0,,
15,276,5,3,0,0,2,3,0,,
2,277,1,1,4,49,3,5,1,,
2,277,14,1,2,57,3,5,0,,
2,277,87,1,3,61,3,5,0,,
2,277,20,1,0,44,3,13,0,,
2,277,4,1,4,52,3,1,0,,
2,277,5,3,0,0,2,3,0,,
17,278,39,1,0,37,4,5,1,,
17,278,1,1,5,55,4,9,0,,
17,278,4,1,0,65,4,2,0,,
17,279,39,2,0,25,1,9,0,,
17,279,1,1,1,49,1,1,0,,
17,279,4,1,0,43,1,2,0,,
17,279,5,3,0,0,2,3,0,,
11,280,4,1,0,48,4,6,1,,
11,280,23,2,1,65,4,9,0,,
11,280,54,2,0,65,4,2,0,,
11,280,22,1,2,33,4,1,0,,
15,281,75,1,1,52,4,5,1,,
15,281,88,1,4,40,4,8,0,,
15,281,20,1,0,31,4,5,0,,
15,281,20,1,0,27,4,7,0,,
15,281,38,1,0,35,3,1,0,,
15,281,20,1,4,44,4,5,0,,
15,281,89,1,0,38,4,8,0,,
20,282,1,1,0,49,4,2,1,,
20,282,4,2,0,39,4,5,0,,
20,282,14,1,8,39,4,1,0,,
1,283,3,1,5,62,4,1,1,,
1,283,4,2,1,64,4,2,0,,
1,283,10,1,0,54,3,5,0,,
1,283,1,1,0,47,4,6,0,,
1,283,17,1,0,46,4,2,0,,
1,283,5,3,0,0,2,3,0,,
1,283,20,1,0,61,4,12,0,,
20,284,1,1,0,66,4,2,1,,
20,284,4,1,0,45,4,5,0,,
20,284,5,3,0,0,2,3,0,,
20,284,6,1,0,60,1,7,0,,
20,285,1,1,0,43,1,9,1,,
20,285,4,1,0,55,1,2,0,,
20,285,10,2,0,39,1,8,0,,
20,285,6,1,0,33,1,1,0,,
20,285,5,3,0,0,2,3,0,,
4,286,1,1,0,54,4,6,1,,
4,286,4,1,0,58,4,5,0,,
4,286,5,3,0,0,2,3,0,,
2,287,1,1,1,60,4,9,1,,
2,287,14,2,0,29,4,2,0,,
2,287,4,1,0,71,4,9,0,,
2,287,10,1,0,68,4,9,0,,
24,288,1,1,0,50,1,1,1,,
24,288,4,1,0,57,1,1,0,,
24,288,5,3,0,0,2,3,0,,
24,288,20,2,0,40,1,4,0,,
24,288,90,1,0,50,1,5,0,,
15,289,4,1,1,54,4,9,1,,
15,289,48,1,4,54,4,1,0,,
15,289,40,1,4,55,4,2,0,,
15,289,5,3,0,0,2,3,0,,
15,289,20,1,0,42,4,5,0,,
24,290,1,2,0,50,4,2,1,,
24,290,73,1,10,61,1,5,0,,
24,290,33,1,4,46,4,7,0,,
24,290,5,3,0,0,2,3,0,,
24,290,12,2,0,28,4,5,0,,
18,291,20,1,5,50,1,1,1,,
18,291,91,2,0,69,1,5,0,,
18,291,92,1,0,56,1,5,0,,
18,291,4,1,0,50,1,9,0,,
18,291,10,1,0,26,1,2,0,,
18,291,5,3,0,0,2,3,0,,
19,292,1,1,2,44,3,1,1,,
19,292,4,1,1,71,3,9,0,,
19,292,5,3,0,0,2,3,0,,
3,293,21,1,0,54,4,2,1,,
3,293,7,1,4,47,4,5,0,,
3,293,8,2,1,37,4,4,0,,
7,294,12,2,3,61,4,5,1,,
7,294,1,1,1,58,4,2,0,,
7,294,10,2,0,53,4,9,0,,
7,294,4,2,0,44,4,9,0,,
7,294,5,3,0,0,2,3,0,,
7,295,12,1,2,70,4,9,1,,
7,295,1,1,7,55,4,5,0,,
7,295,10,2,1,50,4,2,0,,
7,295,4,1,0,57,4,9,0,,
6,296,13,1,5,58,4,9,1,,
6,296,10,1,1,55,4,2,0,,
6,296,1,1,0,57,4,2,0,,
19,297,1,1,1,64,4,7,1,,
19,297,4,1,0,38,4,1,0,,
17,298,4,1,0,40,1,9,1,,
17,298,39,2,0,33,1,1,0,,
17,298,1,1,0,63,1,7,0,,
17,298,5,3,0,0,2,3,0,,
17,298,6,1,0,61,1,9,0,,
17,298,33,1,0,67,1,8,0,,
17,298,9,1,0,45,1,2,0,,
17,298,93,1,1,27,1,12,0,,
21,299,4,2,0,65,4,2,1,,
21,299,1,1,0,52,4,7,0,,
21,299,94,1,0,45,1,9,0,,
21,299,5,3,0,0,2,3,0,,
21,299,6,1,1,45,4,1,0,,
21,299,20,1,0,44,4,7,0,,
5,300,1,1,1,56,4,2,1,,
5,300,4,1,0,75,1,9,0,,
6,301,95,1,0,66,4,9,1,,
6,301,10,1,0,64,4,7,0,,
6,301,96,1,3,68,4,9,0,,
6,302,4,1,1,66,4,5,1,,
6,302,10,1,1,55,4,1,0,,
6,302,1,1,22,39,4,2,0,,
14,303,4,1,5,58,4,2,1,,
14,303,31,1,0,67,4,9,0,,
14,303,29,1,0,37,4,2,0,,
14,303,5,3,0,0,2,3,0,,
14,303,30,1,0,50,4,5,0,,
7,304,12,2,0,44,4,5,1,,
7,304,1,1,0,40,4,7,0,,
7,304,10,1,1,57,4,4,0,,
7,304,4,1,0,70,4,2,0,,
9,305,15,1,0,52,4,2,1,,
9,305,16,1,0,67,4,5,0,,
9,305,4,1,0,42,4,1,0,,
9,305,1,1,0,48,4,2,0,,
9,305,10,1,1,58,4,9,0,,
10,306,1,1,0,49,4,9,1,,
10,306,4,1,1,66,4,5,0,,
10,306,6,2,0,59,4,9,0,,
10,306,56,1,0,57,4,5,0,,
10,306,18,1,0,26,4,1,0,,
2,307,1,1,2,50,4,1,1,,
2,307,14,1,0,65,4,2,0,,
2,307,4,1,0,55,4,5,0,,
12,308,1,1,1,33,1,5,1,,
12,308,20,1,0,37,1,2,0,,
12,308,20,1,0,54,1,7,0,,
12,308,4,1,0,61,1,5,0,,
18,309,1,1,0,53,1,1,1,,
18,309,4,1,0,51,4,7,0,,
18,309,5,3,0,0,2,3,0,,
18,309,10,1,0,51,4,9,0,,
29,310,7,1,2,43,1,2,1,,
29,310,4,1,0,36,1,9,0,,
29,310,48,1,0,64,1,2,0,,
2,311,6,2,0,44,3,9,1,,
2,311,1,2,1,43,3,2,0,,
2,311,19,1,0,45,3,4,0,,
2,311,4,1,3,29,3,5,0,,
3,312,1,1,0,57,3,7,1,,
3,312,4,1,0,59,3,2,0,,
3,312,8,1,0,59,3,2,0,,
24,313,1,1,0,52,1,5,1,,
24,313,4,1,1,57,1,2,0,,
24,313,90,1,1,53,1,5,0,,
24,313,5,3,0,0,2,3,0,,
24,313,20,1,0,41,1,8,0,,
24,313,12,1,0,26,1,1,0,,
24,313,20,1,0,47,1,8,0,,
2,314,1,1,0,67,4,2,1,,
2,314,14,2,1,68,4,5,0,,
2,314,4,1,0,56,4,2,0,,
11,315,4,1,3,43,4,1,1,,
11,315,65,1,8,48,4,5,0,,
11,315,23,1,0,69,4,9,0,,
11,315,22,1,0,32,4,4,0,,
11,315,5,3,0,0,2,3,0,,
2,316,1,1,0,58,3,5,1,,
2,316,6,1,1,70,3,5,0,,
2,316,19,1,0,70,3,2,0,,
2,316,5,3,0,0,2,3,0,,
9,317,15,1,2,50,4,2,1,,
9,317,16,1,0,68,4,1,0,,
9,317,17,1,0,44,4,2,0,,
9,317,5,3,0,0,2,3,0,,
3,318,1,1,2,42,4,1,1,,
3,318,7,1,1,50,4,5,0,,
3,318,8,1,1,78,4,9,0,,
3,318,20,1,0,43,4,10,0,,
15,319,48,1,1,67,4,9,1,,
15,319,32,1,3,71,4,9,0,,
15,319,97,1,31,51,4,5,0,,
15,319,5,3,0,0,2,3,0,,
15,319,20,1,0,57,4,2,0,,
15,320,1,1,1,49,4,4,1,,
15,320,88,1,0,46,4,13,0,,
15,320,20,1,1,63,4,9,0,,
15,320,20,2,0,57,4,7,0,,
15,320,20,1,0,30,4,2,0,,
15,320,98,1,0,39,4,2,0,,
14,321,10,1,0,49,4,1,1,,
14,321,31,1,0,36,4,2,0,,
14,321,20,1,3,42,4,9,0,,
14,321,30,1,0,52,4,9,0,,
14,321,29,2,0,38,4,2,0,,
14,321,5,3,0,0,2,3,0,,
1,322,3,2,1,39,1,5,1,,
1,322,4,1,1,55,1,7,0,,
1,322,99,1,1,33,1,2,0,,
1,322,10,1,0,45,1,7,0,,
1,322,1,1,0,37,1,5,0,,
1,322,20,1,0,38,1,2,0,,
1,322,5,3,0,0,2,3,0,,
1,322,20,2,0,49,1,12,0,,
2,323,1,1,5,54,4,1,1,,
15,323,1,1,5,55,4,5,1,,
15,323,32,1,3,36,4,1,0,,
2,323,14,1,4,55,4,5,0,,
2,323,4,2,0,41,4,2,0,,
15,323,6,1,5,51,4,5,0,,
15,323,5,3,0,0,2,3,0,,
15,323,20,1,0,47,4,9,0,,
15,323,20,1,1,67,4,9,0,,
21,324,1,1,0,51,4,5,1,,
21,324,4,1,0,66,4,1,0,,
21,324,5,3,0,0,2,3,0,,
21,324,20,1,1,33,4,1,0,,
1,325,3,1,0,60,4,1,1,,
1,325,1,2,2,59,4,7,0,,
1,325,4,1,4,38,4,1,0,,
1,325,5,3,0,0,2,3,0,,
4,326,1,2,0,71,4,1,1,,
4,326,4,1,0,73,4,9,0,,
4,326,5,3,0,0,2,3,0,,
2,327,14,1,1,79,4,2,1,,
2,327,1,1,0,60,4,6,0,,
6,328,100,1,2,67,4,5,1,,
6,328,10,1,9,30,4,2,0,,
6,328,1,1,0,54,4,9,0,,
6,328,60,1,2,48,4,7,0,,
7,329,4,1,0,72,4,4,1,,
7,329,1,2,1,54,4,2,0,,
7,329,12,1,0,63,4,9,0,,
7,330,1,1,4,59,1,5,1,,
7,330,12,2,2,39,4,9,0,,
7,330,4,1,0,47,4,5,0,,
7,330,10,1,1,69,4,5,0,,
1,331,4,1,42,51,4,5,1,,
1,331,3,1,0,50,4,1,0,,
1,331,1,1,1,59,4,2,0,,
1,331,17,1,0,43,4,7,0,,
1,331,5,3,0,0,2,3,0,,
27,332,1,1,0,60,4,7,1,,
27,332,4,1,0,32,4,6,0,,
27,332,10,1,1,48,4,2,0,,
20,333,1,1,0,59,1,2,1,,
20,333,4,1,1,58,1,5,0,,
20,333,94,1,0,57,1,8,0,,
20,333,5,3,0,0,2,3,0,,
20,333,101,1,0,43,1,1,0,,
20,333,20,1,0,40,1,2,0,,
20,334,1,1,1,59,4,2,1,,
20,334,4,2,0,45,4,2,0,,
19,335,20,2,0,55,4,7,1,,
19,335,36,1,0,31,4,5,0,,
19,335,20,1,0,36,4,7,0,,
18,336,1,1,0,45,4,5,1,,
18,336,4,1,0,67,4,2,0,,
18,336,92,1,0,55,1,2,0,,
18,336,5,3,0,0,2,3,0,,
2,337,1,2,0,70,4,4,1,,
2,337,46,1,2,66,4,5,0,,
2,337,4,1,0,63,4,5,0,,
7,338,12,1,0,80,3,2,1,,
7,338,1,1,0,46,3,2,0,,
7,338,10,1,0,42,3,9,0,,
7,338,4,1,0,63,3,7,0,,
3,339,21,1,3,55,4,8,1,,
3,339,7,1,0,29,4,5,0,,
3,339,8,1,0,47,4,6,0,,
3,339,5,3,0,0,2,3,0,,
6,340,4,1,1,56,3,2,1,,
6,340,10,1,0,53,3,7,0,,
6,340,11,1,0,64,3,7,0,,
14,341,27,1,0,74,4,5,1,,
14,341,31,1,0,64,4,2,0,,
14,341,20,1,2,39,4,1,0,,
14,341,29,2,0,27,4,5,0,,
14,341,30,1,0,46,4,8,0,,
17,342,1,1,1,54,1,7,1,,
17,342,39,1,0,41,1,9,0,,
17,342,64,2,0,47,1,1,0,,
17,342,5,3,0,0,2,3,0,,
17,342,20,2,0,47,1,2,0,,
1,343,3,1,0,53,4,5,1,,
1,343,4,1,1,46,4,7,0,,
1,343,1,1,0,54,4,9,0,,
1,343,20,1,0,49,4,1,0,,
1,343,5,3,0,0,2,3,0,,
1,343,20,1,0,61,4,12,0,,
1,343,20,1,0,33,3,1,0,,
7,344,1,1,14,54,4,7,1,,
7,344,12,1,0,67,4,9,0,,
7,344,10,1,3,50,4,8,0,,
7,344,4,1,2,64,4,5,0,,
7,344,5,3,0,0,2,3,0,,
2,345,1,1,3,68,4,2,1,,
2,345,6,1,6,60,4,8,0,,
2,345,4,1,1,68,4,5,0,,
2,346,102,2,2,37,4,2,1,,
2,346,14,1,0,54,3,1,0,,
2,346,4,1,3,41,4,5,0,,
2,346,5,3,0,0,2,3,0,,
2,346,103,1,0,64,3,8,0,,
2,347,1,1,0,52,3,2,1,,
2,347,6,2,0,44,3,4,0,,
2,347,4,2,1,53,3,2,0,,
30,348,104,1,0,62,1,5,1,,
30,348,20,1,0,41,1,2,0,,
30,348,1,1,0,59,1,9,0,,
30,348,105,1,0,36,1,7,0,,
30,348,20,1,0,54,1,9,0,,
2,349,1,1,1,59,3,5,1,,
2,349,6,1,1,49,3,2,0,,
2,349,4,1,0,60,3,9,0,,
2,350,14,1,0,60,4,2,1,,
2,350,1,1,3,67,4,7,0,,
2,350,4,1,0,32,4,2,0,,
20,351,1,1,1,61,4,5,1,,
20,351,4,1,1,59,4,2,0,,
20,351,6,1,5,61,4,8,0,,
3,352,1,1,9,65,4,12,1,,
3,352,4,2,0,48,4,1,0,,
3,352,8,1,0,48,3,5,0,,
3,352,5,3,0,0,2,3,0,,
3,353,1,2,2,38,4,6,1,,
3,353,4,2,0,52,4,5,0,,
3,353,8,1,0,46,4,4,0,,
3,353,5,3,0,0,2,3,0,,
3,354,1,1,2,46,4,7,1,,
3,354,7,1,1,50,4,5,0,,
3,354,8,2,0,50,4,5,0,,
3,354,5,3,0,0,2,3,0,,
3,355,21,1,0,75,4,5,1,,
3,355,4,1,11,54,4,5,0,,
3,355,8,1,0,46,4,8,0,,
3,355,5,3,0,0,2,3,0,,
3,356,21,1,1,67,4,5,1,,
3,356,4,1,0,43,4,5,0,,
3,356,8,1,0,68,4,6,0,,
3,356,5,3,0,0,2,3,0,,
3,357,21,1,0,47,3,6,1,,
3,357,4,1,0,79,4,7,0,,
3,357,8,1,3,51,4,9,0,,
3,357,5,3,0,0,2,3,0,,
3,357,6,1,1,41,4,12,0,,
15,358,48,1,1,65,4,5,1,,
15,358,4,2,2,48,4,10,0,,
15,358,20,1,0,38,4,5,0,,
15,358,20,1,0,50,4,8,0,,
15,358,20,1,0,46,4,1,0,,
15,358,20,1,0,42,3,9,0,,
15,358,6,1,3,34,3,1,0,,
7,359,12,1,3,57,4,8,1,,
7,359,4,1,0,69,4,2,0,,
7,359,1,1,10,56,4,1,0,,
7,359,10,1,0,64,4,5,0,,
7,359,5,3,0,0,2,3,0,,
2,360,1,1,1,46,4,4,1,,
2,360,46,1,0,78,4,2,0,,
15,361,1,1,1,50,4,5,1,,
15,361,88,1,0,41,4,2,0,,
15,361,106,1,0,70,4,1,0,,
15,361,107,1,0,40,4,5,0,,
19,362,1,1,3,42,4,2,1,,
19,362,4,1,0,62,4,5,0,,
19,362,6,1,1,46,4,9,0,,
17,363,39,1,0,40,1,5,1,,
17,363,4,1,10,43,1,5,0,,
17,363,1,1,0,57,1,5,0,,
17,363,5,3,0,0,2,3,0,,
17,363,6,1,0,59,1,5,0,,
31,364,108,1,0,62,1,5,1,,
31,364,4,1,0,75,1,9,0,,
31,364,37,1,0,38,1,2,0,,
14,365,10,1,0,63,3,1,1,,
14,365,31,1,0,41,3,2,0,,
14,365,20,2,2,36,3,5,0,,
14,365,29,2,0,25,3,9,0,,
14,365,30,1,0,61,3,9,0,,
1,366,3,1,0,66,3,5,1,,
1,366,4,1,4,68,3,9,0,,
1,366,1,2,0,43,3,2,0,,
1,366,5,3,0,0,2,3,0,,
1,366,6,1,0,53,3,7,0,,
1,366,20,1,0,45,3,7,0,,
5,367,109,1,0,47,4,9,1,,
5,367,4,2,0,47,4,9,0,,
5,367,5,3,0,0,2,3,0,,
5,367,20,2,0,41,4,2,0,,
2,368,6,1,1,55,3,1,1,,
2,368,1,1,0,56,3,2,0,,
2,368,4,2,0,69,3,7,0,,
3,369,1,1,4,62,4,9,1,,
3,369,4,1,4,56,4,1,0,,
3,369,6,1,0,47,4,7,0,,
3,369,8,1,0,47,3,5,0,,
8,370,1,1,0,57,4,9,1,,
8,370,4,1,1,71,4,9,0,,
8,370,6,1,0,46,4,9,0,,
15,371,48,1,0,60,4,1,1,,
15,371,41,1,0,46,4,1,0,,
15,371,110,1,0,61,3,12,0,,
15,371,34,1,0,60,4,2,0,,
15,371,6,1,0,33,4,7,0,,
15,371,20,1,0,33,3,5,0,,
1,372,4,1,4,55,4,5,1,,
1,372,3,1,0,63,4,2,0,,
1,372,1,1,0,61,4,1,0,,
1,372,10,2,1,45,4,9,0,,
14,373,27,1,0,54,4,5,1,,
14,373,31,1,0,70,4,7,0,,
14,373,29,1,0,44,4,4,0,,
14,373,30,1,0,57,4,5,0,,
14,373,20,1,0,54,4,1,0,,
14,373,5,3,0,0,2,3,0,,
3,374,1,1,0,57,4,1,1,,
3,374,4,1,3,60,4,2,0,,
3,374,8,1,0,42,4,4,0,,
3,375,1,2,0,31,1,2,1,,
3,375,4,1,0,61,1,2,0,,
3,375,8,1,0,33,1,2,0,,
3,375,5,3,0,0,2,3,0,,
3,375,20,1,0,58,1,9,0,,
9,376,15,1,1,60,4,2,1,,
9,376,16,1,0,57,4,9,0,,
9,376,17,1,1,69,4,5,0,,
9,376,4,1,0,33,4,2,0,,
9,377,15,1,0,35,4,9,1,,
9,377,16,1,0,75,4,5,0,,
9,377,17,1,0,52,4,1,0,,
9,377,1,1,0,64,4,5,0,,
9,378,15,1,3,57,4,2,1,,
9,378,16,1,1,48,4,5,0,,
9,378,17,1,0,58,4,9,0,,
9,378,4,1,1,71,4,7,0,,
9,378,1,1,3,59,4,1,0,,
9,378,5,3,0,0,2,3,0,,
3,379,21,1,1,48,4,6,1,,
3,379,7,1,16,45,4,7,0,,
3,379,20,1,1,61,4,9,0,,
3,379,8,1,8,38,4,6,0,,
4,380,1,1,1,64,4,7,1,,
4,380,4,1,0,47,4,1,0,,
15,381,75,1,2,36,4,5,1,,
15,381,32,2,0,53,4,10,0,,
15,381,5,3,0,0,2,3,0,,
15,381,20,1,0,33,4,5,0,,
15,381,6,1,0,67,4,5,0,,
9,382,15,1,0,70,4,1,1,,
9,382,16,1,0,60,4,5,0,,
9,382,10,1,2,67,4,7,0,,
9,382,5,3,0,0,2,3,0,,
23,383,1,2,0,51,4,9,1,,
23,383,4,1,0,55,4,2,0,,
23,383,22,1,0,43,4,5,0,,
14,384,27,1,6,55,3,9,1,,
14,384,31,1,0,59,3,5,0,,
14,384,30,1,0,55,3,9,0,,
14,384,20,1,0,66,3,2,0,,
14,384,5,3,0,0,2,3,0,,
1,385,1,1,1,43,4,2,1,,
1,385,3,2,2,41,4,9,0,,
1,385,4,1,1,61,4,2,0,,
23,386,1,1,3,47,4,2,1,,
23,386,4,2,0,81,4,2,0,,
23,386,22,1,1,38,4,2,0,,
23,386,6,1,0,43,4,1,0,,
32,387,1,1,0,66,4,5,1,,
32,387,4,1,0,52,4,2,0,,
32,387,5,3,0,0,2,3,0,,
32,387,22,1,0,59,4,5,0,,
23,388,1,1,0,57,3,7,1,,
23,388,22,1,0,70,3,8,0,,
23,388,4,1,0,53,3,2,0,,
18,389,4,1,0,59,4,2,1,,
18,389,1,1,0,46,4,5,0,,
9,390,15,1,0,65,4,5,1,,
9,390,16,1,0,61,4,5,0,,
9,390,17,1,0,49,4,9,0,,
9,390,5,3,0,0,2,3,0,,
3,391,21,1,4,35,4,1,1,,
3,391,7,1,4,47,4,9,0,,
3,391,8,1,3,39,4,8,0,,
28,392,111,1,0,59,1,9,1,,
28,392,1,1,0,36,1,1,0,,
28,392,4,1,2,56,1,5,0,,
28,392,37,1,0,64,1,1,0,,
28,392,78,1,0,43,1,2,0,,
6,393,4,1,7,49,4,5,1,,
6,393,10,1,10,48,4,2,0,,
6,393,1,1,10,48,4,5,0,,
24,394,1,1,0,68,3,5,1,,
24,394,32,1,5,51,3,5,0,,
24,394,6,2,0,47,3,8,0,,
24,394,20,1,1,40,3,7,0,,
24,394,20,1,0,28,3,1,0,,
24,394,20,1,1,65,3,5,0,,
24,394,112,1,0,33,3,7,0,,
3,395,21,1,0,51,1,5,1,,
3,395,113,1,3,63,1,8,0,,
3,395,5,3,0,0,2,3,0,,
3,395,20,1,1,55,1,8,0,,
3,395,8,1,2,34,1,12,0,,
3,395,6,1,0,43,1,8,0,,
5,396,1,1,0,65,4,9,1,,
5,396,4,1,0,69,4,10,0,,
5,396,5,3,0,0,2,3,0,,
4,397,1,1,0,59,4,9,1,,
4,397,4,1,2,68,4,8,0,,
4,397,5,3,0,0,2,3,0,,
3,398,21,1,6,52,4,7,1,,
3,398,7,1,0,39,4,5,0,,
3,398,8,1,1,37,4,5,0,,
3,398,10,1,15,52,4,5,0,,
15,399,1,1,5,54,4,2,1,,
15,399,82,1,5,41,4,1,0,,
15,399,5,3,0,0,2,3,0,,
15,399,6,1,2,39,4,7,0,,
15,399,20,1,1,39,4,7,0,,
15,400,1,1,0,58,4,5,1,,
15,400,32,2,4,42,4,9,0,,
15,400,6,1,0,46,4,5,0,,
4,401,1,1,0,64,4,5,1,,
4,401,4,1,0,62,4,7,0,,
4,401,5,3,0,0,2,3,0,,
6,402,4,1,1,62,4,5,1,,
6,402,10,2,0,42,4,2,0,,
6,402,1,1,240,49,4,5,0,,
11,403,4,2,0,74,4,5,1,,
11,403,23,1,1,68,4,5,0,,
11,403,114,1,0,68,4,2,0,,
11,403,22,2,0,47,4,5,0,,
15,404,1,1,0,64,4,2,1,,
15,404,4,1,2,73,4,5,0,,
1,405,3,1,0,42,3,4,1,,
1,405,4,1,0,60,3,9,0,,
1,405,1,1,0,52,3,2,0,,
1,405,20,1,0,42,3,7,0,,
1,405,6,1,0,36,3,9,0,,
14,406,27,1,2,77,4,2,1,,
14,406,31,1,0,55,4,9,0,,
14,406,29,2,0,36,4,2,0,,
14,406,20,1,5,58,4,2,0,,
14,406,5,3,0,0,2,3,0,,
2,407,1,2,2,62,4,2,1,,
2,407,14,1,0,58,4,5,0,,
2,407,4,1,1,38,4,5,0,,
2,408,1,1,0,39,4,2,1,,
2,408,14,1,1,43,4,5,0,,
14,409,27,1,0,49,4,9,1,,
14,409,31,1,0,47,4,2,0,,
14,409,30,2,0,40,4,9,0,,
14,409,29,2,0,35,4,6,0,,
14,409,20,1,0,49,4,5,0,,
14,409,5,3,0,0,2,3,0,,
6,410,100,1,0,72,4,7,1,,
6,410,20,1,0,51,4,13,0,,
6,410,1,2,7,61,4,2,0,,
6,410,60,1,1,40,4,9,0,,
6,410,20,2,0,36,4,7,0,,
4,411,1,1,0,57,4,7,1,,
4,411,4,1,2,57,4,1,0,,
4,411,6,1,0,44,4,8,0,,
2,412,1,1,2,48,4,8,1,,
2,412,6,1,1,45,4,5,0,,
2,412,4,2,6,57,4,5,0,,
2,412,87,1,4,51,4,8,0,,
2,412,5,3,0,0,2,3,0,,
33,413,4,1,0,68,4,5,1,,
33,413,115,1,0,29,4,2,0,,
33,413,30,1,0,72,4,9,0,,
33,413,29,2,0,30,4,13,0,,
33,413,5,3,0,0,2,3,0,,
3,414,1,1,1,68,4,5,1,,
3,414,4,1,6,62,4,7,0,,
3,414,8,1,1,35,4,1,0,,
3,414,5,3,0,0,2,3,0,,
17,415,39,1,0,59,4,9,1,,
17,415,1,1,1,45,4,2,0,,
17,415,4,1,4,51,4,2,0,,
15,416,48,1,1,43,4,1,1,,
15,416,4,1,2,66,4,1,0,,
15,416,20,1,0,32,4,1,0,,
15,416,20,1,0,29,4,6,0,,
15,416,5,3,0,0,2,3,0,,
15,416,6,1,1,49,1,5,0,,
7,417,1,1,2,34,4,9,1,,
7,417,12,1,0,56,4,9,0,,
7,417,4,1,8,58,4,2,0,,
7,417,50,1,1,73,4,2,0,,
15,418,1,1,1,69,4,5,1,,
15,418,82,1,0,27,4,13,0,,
15,418,5,3,0,0,2,3,0,,
15,418,116,1,1,30,4,8,0,,
15,418,34,2,0,42,4,10,0,,
15,418,110,1,1,34,3,8,0,,
15,418,10,1,1,55,4,1,0,,
2,419,4,2,1,72,4,6,1,,
2,419,1,1,3,51,4,5,0,,
2,419,5,3,0,0,2,3,0,,
19,420,1,1,0,62,1,9,1,,
19,420,4,1,1,53,1,9,0,,
19,420,5,3,0,0,2,3,0,,
19,420,6,1,0,37,1,9,0,,
3,421,7,1,0,64,4,6,1,,
3,421,21,1,0,67,4,7,0,,
3,421,8,2,0,61,4,12,0,,
3,421,20,1,0,50,4,7,0,,
3,421,5,3,0,0,2,3,0,,
7,422,1,2,2,48,4,2,1,,
7,422,12,1,4,64,4,2,0,,
7,422,10,1,1,61,4,2,0,,
7,422,4,2,4,58,4,2,0,,
7,422,5,3,0,0,2,3,0,,
21,423,1,2,0,43,1,1,1,,
21,423,4,1,1,42,1,2,0,,
21,423,6,1,0,58,1,5,0,,
21,423,5,3,0,0,2,3,0,,
21,424,1,1,0,57,4,5,1,,
21,424,4,1,0,53,4,2,0,,
9,425,15,1,2,36,4,5,1,,
9,425,16,2,0,45,4,5,0,,
9,425,17,1,0,55,4,2,0,,
9,425,5,3,0,0,2,3,0,,
9,425,4,1,0,55,4,1,0,,
9,426,15,1,3,42,4,2,1,,
9,426,16,2,0,68,4,1,0,,
9,426,17,1,0,42,4,7,0,,
9,426,5,3,0,0,2,3,0,,
9,426,4,1,2,48,4,7,0,,
20,427,1,1,0,58,4,5,1,,
20,427,4,2,0,50,4,5,0,,
4,428,1,1,0,67,4,8,1,,
4,428,4,1,2,61,4,5,0,,
4,428,5,3,0,0,2,3,0,,
4,428,6,1,4,48,3,1,0,,
24,429,64,1,0,36,1,7,1,,
24,429,1,1,0,63,1,5,0,,
24,429,10,1,0,56,1,5,0,,
24,429,12,2,0,32,1,5,0,,
24,429,5,3,0,0,2,3,0,,
24,429,20,1,0,65,1,1,0,,
21,430,1,1,0,51,4,9,1,,
21,430,4,1,0,60,4,8,0,,
21,430,5,3,0,0,2,3,0,,
21,430,6,2,0,45,3,2,0,,
5,431,1,2,0,48,4,6,1,,
5,431,4,1,1,76,4,2,0,,
5,431,6,1,0,45,4,5,0,,
5,431,9,1,0,44,3,12,0,,
5,431,5,3,0,0,2,3,0,,
14,432,100,1,1,39,4,1,1,,
14,432,1,1,1,59,4,2,0,,
14,432,20,1,4,38,4,9,0,,
14,432,29,2,0,37,4,5,0,,
14,432,30,1,0,30,4,9,0,,
2,433,14,1,10,64,4,9,1,,
2,433,1,2,0,57,4,1,0,,
2,433,4,1,0,56,4,9,0,,
3,434,21,1,0,53,3,5,1,,
3,434,4,1,0,61,3,2,0,,
3,434,6,1,0,29,3,7,0,,
3,434,8,2,0,58,3,10,0,,
7,435,1,1,1,56,3,9,1,,
7,435,12,2,0,25,3,5,0,,
7,435,10,2,1,56,3,2,0,,
7,435,4,2,0,56,3,5,0,,
24,436,1,1,0,60,4,9,1,,
24,436,4,1,1,67,4,5,0,,
24,436,20,1,0,77,4,7,0,,
20,437,1,1,0,62,1,9,1,,
20,437,4,1,1,68,1,2,0,,
20,437,5,3,0,0,2,3,0,,
20,437,49,1,4,28,1,5,0,,
3,438,21,1,3,65,4,2,1,,
3,438,117,1,5,38,4,4,0,,
3,438,4,1,0,62,4,7,0,,
3,438,8,1,0,74,4,8,0,,
3,438,20,1,0,28,4,5,0,,
3,438,5,3,0,0,2,3,0,,
3,438,118,1,0,32,3,5,0,,
3,439,1,2,0,31,4,5,1,,
3,439,4,1,1,59,4,2,0,,
3,439,8,1,0,39,4,1,0,,
20,440,1,1,0,62,4,9,1,,
20,440,4,1,0,34,4,9,0,,
20,440,6,1,0,36,4,5,0,,
20,440,10,1,0,49,4,2,0,,
2,441,102,1,0,66,3,10,1,,
2,441,14,1,1,67,3,7,0,,
2,441,4,1,0,64,3,9,0,,
2,441,5,3,0,0,2,3,0,,
2,441,119,1,0,28,3,2,0,,
2,441,10,1,0,55,3,9,0,,
2,441,120,1,0,64,3,5,0,,
10,442,1,1,0,56,4,2,1,,
10,442,4,1,0,41,4,2,0,,
10,442,6,1,0,51,4,12,0,,
10,442,56,1,3,32,4,2,0,,
4,443,1,1,0,67,4,8,1,,
4,443,4,1,0,46,4,5,0,,
4,443,20,1,0,38,4,7,0,,
20,444,1,1,1,51,4,2,1,,
20,444,4,1,0,65,4,2,0,,
20,444,6,1,0,47,4,1,0,,
2,445,6,1,0,67,4,5,1,,
2,445,1,1,2,44,4,2,0,,
2,445,4,1,8,48,4,1,0,,
14,446,27,1,4,49,4,9,1,,
14,446,31,1,0,44,4,9,0,,
14,446,30,1,0,28,4,9,0,,
14,446,20,1,3,57,4,7,0,,
14,446,29,1,3,57,4,1,0,,
14,446,5,3,0,0,2,3,0,,
2,447,1,1,0,55,4,1,1,,
2,447,6,1,0,62,4,6,0,,
2,447,19,1,0,54,4,7,0,,
2,447,4,1,1,61,4,4,0,,
15,448,75,1,5,58,3,7,1,,
15,448,4,1,0,64,3,9,0,,
15,448,5,3,0,0,2,3,0,,
15,448,121,1,0,46,3,2,0,,
15,448,20,1,0,37,3,2,0,,
15,448,89,2,1,25,3,10,0,,
15,448,6,1,0,40,3,5,0,,
15,448,122,1,0,32,3,1,0,,
17,449,1,1,1,47,4,1,1,,
17,449,39,1,0,61,4,2,0,,
17,449,4,1,0,62,4,9,0,,
17,449,5,3,0,0,2,3,0,,
2,450,14,1,0,86,4,5,1,,
2,450,1,1,0,64,4,7,0,,
2,450,4,1,0,78,4,5,0,,
3,451,1,1,1,54,4,7,1,,
3,451,77,1,3,38,4,5,0,,
3,451,8,1,5,36,4,1,0,,
11,452,22,1,0,45,4,1,1,,
11,452,4,1,0,68,4,1,0,,
11,452,23,1,1,43,4,2,0,,
11,452,123,1,0,74,4,5,0,,
11,452,65,1,0,46,4,5,0,,
2,453,1,1,0,30,1,9,1,,
2,453,6,1,0,54,4,1,0,,
2,453,4,1,2,60,4,5,0,,
2,453,5,3,0,0,2,3,0,,
15,454,1,1,0,58,4,2,1,,
15,454,32,1,3,61,4,4,0,,
15,454,5,3,0,0,2,3,0,,
15,454,6,1,1,44,3,5,0,,
15,454,20,1,0,53,4,4,0,,
21,455,1,2,0,55,1,1,1,,
21,455,4,1,0,72,1,2,0,,
21,455,5,3,0,0,2,3,0,,
21,455,94,2,0,44,1,9,0,,
21,455,6,2,0,40,1,2,0,,
15,456,1,1,4,63,3,2,1,,
15,456,4,2,0,74,3,2,0,,
15,456,6,1,0,35,3,5,0,,
15,456,5,3,0,0,2,3,0,,
15,456,20,1,10,48,3,7,0,,
3,457,7,1,8,53,4,1,1,,
3,457,21,1,4,44,4,1,0,,
3,457,8,1,0,63,3,9,0,,
20,458,1,1,2,56,4,2,1,,
20,458,4,1,0,66,4,1,0,,
20,458,6,1,2,62,4,8,0,,
1,459,1,1,0,58,4,6,1,,
1,459,3,1,6,32,4,2,0,,
1,459,4,1,0,58,4,5,0,,
1,459,17,1,0,44,4,8,0,,
20,460,1,2,0,32,1,5,1,,
20,460,4,2,0,50,1,2,0,,
20,460,10,2,0,31,1,1,0,,
20,460,6,1,0,65,1,7,0,,
20,460,5,3,0,0,2,3,0,,
20,460,94,1,0,27,1,7,0,,
2,461,1,1,1,42,3,1,1,,
2,461,6,1,5,48,3,2,0,,
2,461,4,1,0,47,3,5,0,,
15,462,1,2,1,69,4,9,1,,
15,462,32,1,1,52,4,2,0,,
15,462,20,1,3,73,4,1,0,,
15,462,20,1,0,44,4,1,0,,
15,462,7,1,0,51,4,1,0,,
15,462,6,1,1,30,4,1,0,,
15,462,20,1,0,31,3,7,0,,
15,462,20,1,0,51,4,1,0,,
34,463,4,1,0,51,1,9,1,,
34,463,124,1,0,54,1,4,0,,
34,463,1,1,0,52,1,7,0,,
27,464,1,1,0,48,3,2,1,,
27,464,4,1,1,78,3,4,0,,
19,465,1,1,2,46,4,5,1,,
19,465,36,1,1,52,4,5,0,,
3,466,21,1,1,56,3,7,1,,
3,466,4,1,1,64,3,6,0,,
3,466,8,1,2,39,3,5,0,,
3,466,20,1,0,69,3,9,0,,
3,466,10,1,1,58,3,9,0,,
3,466,20,1,9,32,3,1,0,,
3,467,7,1,0,38,4,9,1,,
3,467,21,1,10,64,4,6,0,,
3,467,8,1,2,36,4,8,0,,
2,468,6,1,0,49,4,9,1,,
2,468,1,1,0,52,4,2,0,,
2,468,4,1,8,54,4,2,0,,
2,468,5,3,0,0,2,3,0,,
2,468,10,1,0,63,4,10,0,,
20,469,1,2,0,41,4,2,1,,
20,469,4,1,2,63,4,2,0,,
20,469,10,1,4,39,4,7,0,,
20,469,6,1,0,48,1,1,0,,
20,469,94,1,0,63,1,2,0,,
20,469,20,1,0,34,4,13,0,,
5,470,1,1,0,67,4,2,1,,
5,470,4,1,0,61,4,5,0,,
5,470,10,1,0,63,4,2,0,,
35,471,125,1,0,30,4,2,1,,
35,471,126,1,0,42,4,9,0,,
35,471,1,1,0,33,1,12,0,,
35,471,4,1,0,58,4,7,0,,
18,472,1,1,0,48,4,2,1,,
18,472,4,2,1,46,4,2,0,,
24,473,4,2,1,35,1,2,1,,
24,473,1,1,3,57,1,1,0,,
24,473,5,3,0,0,2,3,0,,
24,473,20,2,0,29,1,2,0,,
24,473,9,1,0,25,1,2,0,,
24,473,6,1,1,31,1,1,0,,
24,473,20,1,0,31,1,5,0,,
10,474,1,2,0,51,3,2,1,,
10,474,4,1,1,43,3,4,0,,
10,474,56,1,0,37,3,1,0,,
10,474,18,1,0,49,3,7,0,,
10,474,6,1,0,50,3,2,0,,
15,475,48,1,6,58,4,5,1,,
15,475,32,1,2,47,4,4,0,,
15,475,20,1,0,33,4,8,0,,
15,475,20,1,0,48,4,10,0,,
15,475,20,1,0,55,4,5,0,,
15,475,20,1,0,48,4,8,0,,
2,476,1,1,1,58,4,2,1,,
2,476,6,1,1,53,4,9,0,,
2,476,4,2,1,45,4,8,0,,
14,477,4,1,8,47,4,9,1,,
14,477,1,1,3,61,4,9,0,,
14,477,20,1,0,43,4,13,0,,
14,477,29,2,0,27,4,2,0,,
14,477,30,1,0,46,4,1,0,,
14,477,20,1,1,59,4,7,0,,
15,478,48,2,4,33,4,2,1,,
15,478,32,2,2,46,4,5,0,,
15,478,33,1,12,54,4,10,0,,
15,478,20,1,0,43,4,13,0,,
15,478,20,1,2,46,4,1,0,,
15,478,20,2,0,47,4,6,0,,
3,479,1,1,0,63,3,5,1,,
3,479,4,1,0,77,3,9,0,,
3,479,8,1,0,64,3,9,0,,
10,480,1,1,0,62,4,9,1,,
10,480,4,1,6,72,4,9,0,,
10,480,56,1,1,28,4,1,0,,
10,480,57,2,0,44,4,2,0,,
23,481,1,1,2,57,4,9,1,,
23,481,22,1,0,30,4,9,0,,
23,481,4,1,0,33,4,5,0,,
23,481,6,1,0,52,3,2,0,,
32,482,4,1,0,73,4,9,1,,
32,482,1,1,0,52,4,9,0,,
32,482,22,1,1,56,4,9,0,,
32,482,5,3,0,0,2,3,0,,
7,483,12,1,0,62,4,9,1,,
7,483,1,1,9,42,4,9,0,,
7,483,10,1,0,44,4,5,0,,
7,483,4,1,0,60,4,5,0,,
7,483,5,3,0,0,2,3,0,,
9,484,16,1,1,32,4,2,1,,
9,484,15,1,13,52,4,2,0,,
9,484,17,1,0,53,4,2,0,,
9,484,5,3,0,0,2,3,0,,
9,484,4,1,0,53,4,2,0,,
12,485,24,1,1,83,4,9,1,,
12,485,127,1,0,58,4,1,0,,
12,485,26,1,0,41,4,5,0,,
12,485,1,1,1,43,4,1,0,,
14,486,27,1,0,77,4,5,1,,
14,486,28,1,0,49,4,2,0,,
14,486,30,1,1,46,4,5,0,,
14,486,29,1,1,41,4,5,0,,
14,486,20,1,0,59,4,2,0,,
14,486,5,3,0,0,2,3,0,,
2,487,1,2,0,62,4,1,1,,
2,487,6,1,6,43,4,2,0,,
2,487,4,1,0,67,4,4,0,,
2,487,47,2,5,42,4,1,0,,
17,488,1,1,2,58,1,6,1,,
17,488,39,2,0,39,1,5,0,,
17,488,4,1,41,60,1,1,0,,
17,488,20,2,3,48,1,7,0,,
17,488,5,3,0,0,2,3,0,,
15,489,48,1,2,73,4,5,1,,
15,489,4,2,5,46,4,1,0,,
15,489,20,1,3,52,4,9,0,,
15,489,20,1,0,26,4,9,0,,
15,489,20,1,0,50,4,5,0,,
15,489,20,1,1,32,4,5,0,,
15,489,128,1,0,27,1,1,0,,
15,489,20,1,0,41,4,5,0,,
4,490,1,2,0,58,4,5,1,,
4,490,4,1,0,45,4,8,0,,
4,491,1,1,0,50,4,2,1,,
4,491,4,1,0,79,4,12,0,,
4,491,6,1,0,35,3,9,0,,
4,491,20,1,0,36,4,12,0,,
7,492,12,1,1,42,4,5,1,,
7,492,1,1,1,50,3,8,0,,
7,492,10,1,4,31,4,5,0,,
7,492,4,1,5,73,3,4,0,,
8,493,1,2,0,68,4,1,1,,
8,493,4,1,1,60,1,9,0,,
8,493,20,1,0,59,4,2,0,,
14,494,27,1,1,44,3,2,1,,
14,494,31,1,9,66,3,2,0,,
14,494,20,2,0,32,3,2,0,,
14,494,29,1,3,32,3,1,0,,
14,494,30,1,0,44,3,8,0,,
14,494,5,3,0,0,2,3,0,,
18,495,1,1,0,41,4,5,1,,
18,495,4,1,0,60,4,2,0,,
18,495,20,1,0,68,4,5,0,,
18,495,5,3,0,0,2,3,0,,
3,496,21,1,9,57,4,1,1,,
3,496,7,1,11,46,4,2,0,,
3,496,8,1,0,47,4,10,0,,
3,496,5,3,0,0,2,3,0,,
14,497,27,1,0,68,4,9,1,,
14,497,129,1,0,52,4,9,0,,
14,497,20,1,3,62,4,2,0,,
14,497,29,1,0,44,4,1,0,,
14,497,20,1,0,63,4,2,0,,
14,497,30,1,0,53,4,2,0,,
14,497,5,3,0,0,2,3,0,,
14,498,31,1,0,39,4,2,1,,
14,498,4,1,10,70,4,5,0,,
14,498,20,1,0,58,4,13,0,,
14,498,29,1,0,59,4,5,0,,
14,498,30,1,1,51,4,2,0,,
14,499,4,1,0,69,3,4,1,,
14,499,31,1,0,66,3,9,0,,
14,499,30,1,0,35,3,2,0,,
14,499,29,2,0,42,3,9,0,,
14,499,20,1,0,43,3,9,0,,
14,499,5,3,0,0,2,3,0,,
14,499,6,1,0,48,3,1,0,,
6,500,4,1,2,63,4,4,1,,
6,500,1,1,2,66,4,5,0,,
6,500,10,1,1,76,4,5,0,,
14,501,27,2,6,51,4,9,1,,
14,501,1,2,0,57,4,9,0,,
14,501,20,1,1,52,4,4,0,,
14,501,29,1,1,55,4,1,0,,
14,501,30,1,0,59,4,2,0,,
6,502,4,1,7,58,4,1,1,,
6,502,10,1,0,64,4,2,0,,
6,502,1,1,1,60,4,2,0,,
20,503,1,1,0,65,3,4,1,,
20,503,4,2,0,47,3,2,0,,
20,503,14,1,0,56,3,5,0,,
14,504,4,1,0,69,4,2,1,,
14,504,61,1,0,70,4,9,0,,
14,504,20,2,0,60,4,2,0,,
14,504,29,1,1,33,4,2,0,,
14,504,30,1,0,53,4,5,0,,
14,504,5,3,0,0,2,3,0,,
14,505,27,1,4,54,4,7,1,,
14,505,31,1,0,47,4,2,0,,
14,505,20,1,0,55,4,1,0,,
14,505,29,2,0,41,4,5,0,,
14,505,30,1,0,53,4,2,0,,
14,505,5,3,0,0,2,3,0,,
9,506,15,1,0,63,3,9,1,,
9,506,16,2,0,60,3,4,0,,
9,506,5,3,0,0,2,3,0,,
9,506,4,1,0,64,3,9,0,,
9,506,6,1,0,52,3,9,0,,
9,506,1,1,0,44,3,5,0,,
14,507,10,1,0,71,4,7,1,,
14,507,31,1,0,56,4,7,0,,
14,507,30,1,0,46,4,7,0,,
14,507,20,1,0,65,4,8,0,,
14,507,29,1,0,50,4,7,0,,
14,507,5,3,0,0,2,3,0,,
14,508,27,1,0,45,4,5,1,,
14,508,31,1,1,59,4,9,0,,
14,508,20,1,0,47,4,7,0,,
14,508,29,1,0,41,4,2,0,,
14,508,30,1,0,44,4,6,0,,
14,508,5,3,0,0,2,3,0,,
5,509,1,1,0,61,4,1,1,,
5,509,4,1,0,75,1,2,0,,
5,509,6,1,0,30,3,5,0,,
36,510,1,1,0,43,1,2,1,,
36,510,4,2,0,50,1,2,0,,
36,510,10,1,1,60,1,7,0,,
36,510,130,1,0,76,1,5,0,,
36,510,5,3,0,0,2,3,0,,
36,511,1,2,0,50,4,5,1,,
36,511,4,1,1,58,4,9,0,,
36,511,10,1,0,62,4,2,0,,
36,511,130,1,0,42,1,5,0,,
36,511,5,3,0,0,2,3,0,,
19,512,1,1,0,78,4,9,1,,
19,512,36,1,0,86,4,6,0,,
19,512,10,1,0,74,4,6,0,,
34,513,37,2,0,38,1,2,1,,
34,513,4,1,0,53,1,9,0,,
34,513,1,1,0,55,1,6,0,,
34,513,5,3,0,0,2,3,0,,
5,514,1,1,0,54,1,2,1,,
5,514,4,1,0,59,1,9,0,,
5,514,49,1,0,65,1,2,0,,
5,514,5,3,0,0,2,3,0,,
5,514,10,1,0,51,1,5,0,,
5,514,6,1,0,53,1,7,0,,
12,515,1,1,0,62,4,2,1,,
12,515,4,1,0,54,4,6,0,,
12,515,131,1,3,59,4,2,0,,
12,515,132,1,0,60,4,5,0,,
12,515,6,1,0,62,3,9,0,,
19,516,1,2,3,52,4,2,1,,
19,516,36,1,1,50,4,1,0,,
19,516,6,1,1,43,3,9,0,,
15,517,1,1,3,53,4,5,1,,
15,517,82,1,5,56,4,2,0,,
15,517,10,1,3,49,4,2,0,,
15,517,20,2,2,31,4,1,0,,
15,517,20,1,0,51,4,7,0,,
15,517,5,3,0,0,2,3,0,,
15,517,20,1,1,42,4,7,0,,
15,517,79,1,0,64,4,4,0,,
15,517,6,1,0,41,4,2,0,,
20,518,1,1,0,47,3,1,1,,
20,518,4,1,1,56,3,12,0,,
7,519,12,2,0,57,4,5,1,,
7,519,1,1,2,56,4,5,0,,
7,519,10,2,0,58,4,4,0,,
7,519,4,2,0,40,4,2,0,,
2,520,1,1,4,63,4,4,1,,
2,520,14,1,2,61,4,7,0,,
2,520,4,2,1,61,4,5,0,,
19,521,1,1,4,51,4,1,1,,
19,521,36,1,1,39,4,2,0,,
19,521,5,3,0,0,2,3,0,,
6,522,4,1,3,62,4,5,1,,
6,522,10,1,10,66,4,7,0,,
6,522,1,1,2,43,4,9,0,,
4,523,1,2,0,56,4,1,1,,
4,523,4,1,1,44,4,5,0,,
4,523,5,3,0,0,2,3,0,,
15,524,75,2,2,48,4,7,1,,
15,524,32,1,2,72,4,4,0,,
15,524,20,2,0,26,4,8,0,,
15,524,20,1,0,36,4,5,0,,
15,524,20,2,0,37,4,13,0,,
15,524,6,1,4,46,4,1,0,,
15,524,20,1,1,46,4,9,0,,
15,525,48,1,4,62,4,7,1,,
15,525,4,1,0,32,4,5,0,,
15,525,6,1,1,42,4,9,0,,
15,525,5,3,0,0,2,3,0,,
15,525,20,1,0,54,4,6,0,,
15,525,110,1,0,35,4,8,0,,
15,525,21,2,2,38,4,2,0,,
4,526,1,1,0,69,1,9,1,,
4,526,4,1,1,54,1,8,0,,
4,526,5,3,0,0,2,3,0,,
4,526,6,1,0,54,1,7,0,,
2,527,1,1,0,68,4,2,1,,
2,527,14,2,0,47,4,5,0,,
2,527,4,1,8,49,4,5,0,,
20,528,1,1,0,65,4,1,1,,
20,528,4,1,0,43,4,2,0,,
20,528,6,2,0,51,3,5,0,,
9,529,16,1,0,53,4,7,1,,
9,529,15,1,1,48,4,2,0,,
9,529,17,1,0,66,4,2,0,,
9,529,1,1,0,48,4,9,0,,
9,529,4,1,1,58,4,9,0,,
14,530,27,1,0,58,3,4,1,,
14,530,28,1,0,66,3,5,0,,
14,530,20,1,0,55,3,8,0,,
14,530,29,2,1,30,3,2,0,,
14,530,30,1,1,48,3,2,0,,
14,530,20,1,0,64,3,11,0,,
14,530,5,3,0,0,2,3,0,,
14,531,4,1,1,44,4,9,1,,
14,531,61,1,3,47,4,7,0,,
14,531,20,1,0,45,4,1,0,,
14,531,30,1,0,41,4,13,0,,
14,531,29,1,0,36,4,9,0,,
14,531,5,3,0,0,2,3,0,,
9,532,15,1,1,52,4,7,1,,
9,532,16,1,0,29,4,2,0,,
9,532,17,1,0,53,4,2,0,,
9,532,1,2,0,58,4,5,0,,
9,532,5,3,0,0,2,3,0,,
9,532,4,2,0,48,4,2,0,,
9,533,15,1,4,57,4,9,1,,
9,533,16,1,0,67,4,1,0,,
9,533,17,1,0,39,4,7,0,,
9,533,5,3,0,0,2,3,0,,
9,533,4,1,0,52,4,2,0,,
1,534,3,1,0,51,3,5,1,,
1,534,4,1,0,56,3,5,0,,
1,534,1,1,0,65,3,1,0,,
1,534,133,2,1,45,3,5,0,,
1,534,5,3,0,0,2,3,0,,
1,534,20,1,0,37,3,2,0,,
3,535,1,1,0,65,4,7,1,,
3,535,4,2,0,53,4,9,0,,
3,535,8,1,1,63,4,2,0,,
3,535,6,1,1,37,4,2,0,,
6,536,4,1,5,48,4,2,1,,
6,536,10,1,0,50,4,2,0,,
6,536,11,1,0,50,4,13,0,,
23,537,1,1,0,41,4,2,1,,
23,537,4,1,3,64,4,1,0,,
23,537,22,1,0,47,4,9,0,,
3,538,21,2,3,46,4,5,1,,
3,538,4,1,0,64,4,1,0,,
3,538,8,1,0,37,4,9,0,,
3,538,20,1,0,64,4,2,0,,
3,538,134,2,0,28,4,7,0,,
3,538,20,1,0,43,4,2,0,,
1,539,3,1,18,63,4,5,1,,
1,539,4,1,0,49,4,2,0,,
1,539,1,1,3,47,4,1,0,,
1,539,5,3,0,0,2,3,0,,
